/* card_png.h -- the image the GreetingCard example hands to whoever comes near.
 *
 * Generated from ESP32Drop.png by tools/gen-card.py; do not edit by hand.
 * 1280x960, 26,846 bytes of PNG. Flat colour, so it compresses hard: a photo of the
 * same dimensions would be an order of magnitude larger and would not cross the link
 * inside the twenty-five seconds an iPhone's AirDrop listener stays open.
 *
 * It is sent verbatim -- AirDrop carries the file, not a re-encoding of it, so what
 * lands on the other device is byte-identical to this array.
 */
#pragma once
#include <stdint.h>

#define CARD_PNG_LEN 26846

static const uint8_t CARD_PNG[CARD_PNG_LEN] = {
  0x89, 0x50, 0x4e, 0x47, 0x0d, 0x0a, 0x1a, 0x0a, 0x00, 0x00, 0x00, 0x0d, 0x49, 0x48, 0x44, 0x52,
  0x00, 0x00, 0x05, 0x00, 0x00, 0x00, 0x03, 0xc0, 0x08, 0x02, 0x00, 0x00, 0x00, 0xe5, 0xbe, 0x43,
  0x2e, 0x00, 0x00, 0x06, 0x0c, 0x69, 0x54, 0x58, 0x74, 0x58, 0x4d, 0x4c, 0x3a, 0x63, 0x6f, 0x6d,
  0x2e, 0x61, 0x64, 0x6f, 0x62, 0x65, 0x2e, 0x78, 0x6d, 0x70, 0x00, 0x00, 0x00, 0x00, 0x00, 0x3c,
  0x3f, 0x78, 0x70, 0x61, 0x63, 0x6b, 0x65, 0x74, 0x20, 0x62, 0x65, 0x67, 0x69, 0x6e, 0x3d, 0x22,
  0xef, 0xbb, 0xbf, 0x22, 0x20, 0x69, 0x64, 0x3d, 0x22, 0x57, 0x35, 0x4d, 0x30, 0x4d, 0x70, 0x43,
  0x65, 0x68, 0x69, 0x48, 0x7a, 0x72, 0x65, 0x53, 0x7a, 0x4e, 0x54, 0x63, 0x7a, 0x6b, 0x63, 0x39,
  0x64, 0x22, 0x3f, 0x3e, 0x0a, 0x3c, 0x78, 0x3a, 0x78, 0x6d, 0x70, 0x6d, 0x65, 0x74, 0x61, 0x20,
  0x78, 0x6d, 0x6c, 0x6e, 0x73, 0x3a, 0x78, 0x3d, 0x22, 0x61, 0x64, 0x6f, 0x62, 0x65, 0x3a, 0x6e,
  0x73, 0x3a, 0x6d, 0x65, 0x74, 0x61, 0x2f, 0x22, 0x20, 0x78, 0x3a, 0x78, 0x6d, 0x70, 0x74, 0x6b,
  0x3d, 0x22, 0x58, 0x4d, 0x50, 0x20, 0x43, 0x6f, 0x72, 0x65, 0x20, 0x35, 0x2e, 0x35, 0x2e, 0x30,
  0x22, 0x3e, 0x0a, 0x20, 0x3c, 0x72, 0x64, 0x66, 0x3a, 0x52, 0x44, 0x46, 0x20, 0x78, 0x6d, 0x6c,
  0x6e, 0x73, 0x3a, 0x72, 0x64, 0x66, 0x3d, 0x22, 0x68, 0x74, 0x74, 0x70, 0x3a, 0x2f, 0x2f, 0x77,
  0x77, 0x77, 0x2e, 0x77, 0x33, 0x2e, 0x6f, 0x72, 0x67, 0x2f, 0x31, 0x39, 0x39, 0x39, 0x2f, 0x30,
  0x32, 0x2f, 0x32, 0x32, 0x2d, 0x72, 0x64, 0x66, 0x2d, 0x73, 0x79, 0x6e, 0x74, 0x61, 0x78, 0x2d,
  0x6e, 0x73, 0x23, 0x22, 0x3e, 0x0a, 0x20, 0x20, 0x3c, 0x72, 0x64, 0x66, 0x3a, 0x44, 0x65, 0x73,
  0x63, 0x72, 0x69, 0x70, 0x74, 0x69, 0x6f, 0x6e, 0x20, 0x72, 0x64, 0x66, 0x3a, 0x61, 0x62, 0x6f,
  0x75, 0x74, 0x3d, 0x22, 0x22, 0x0a, 0x20, 0x20, 0x20, 0x20, 0x78, 0x6d, 0x6c, 0x6e, 0x73, 0x3a,
  0x78, 0x6d, 0x70, 0x3d, 0x22, 0x68, 0x74, 0x74, 0x70, 0x3a, 0x2f, 0x2f, 0x6e, 0x73, 0x2e, 0x61,
  0x64, 0x6f, 0x62, 0x65, 0x2e, 0x63, 0x6f, 0x6d, 0x2f, 0x78, 0x61, 0x70, 0x2f, 0x31, 0x2e, 0x30,
  0x2f, 0x22, 0x0a, 0x20, 0x20, 0x20, 0x20, 0x78, 0x6d, 0x6c, 0x6e, 0x73, 0x3a, 0x70, 0x68, 0x6f,
  0x74, 0x6f, 0x73, 0x68, 0x6f, 0x70, 0x3d, 0x22, 0x68, 0x74, 0x74, 0x70, 0x3a, 0x2f, 0x2f, 0x6e,
  0x73, 0x2e, 0x61, 0x64, 0x6f, 0x62, 0x65, 0x2e, 0x63, 0x6f, 0x6d, 0x2f, 0x70, 0x68, 0x6f, 0x74,
  0x6f, 0x73, 0x68, 0x6f, 0x70, 0x2f, 0x31, 0x2e, 0x30, 0x2f, 0x22, 0x0a, 0x20, 0x20, 0x20, 0x20,
  0x78, 0x6d, 0x6c, 0x6e, 0x73, 0x3a, 0x64, 0x63, 0x3d, 0x22, 0x68, 0x74, 0x74, 0x70, 0x3a, 0x2f,
  0x2f, 0x70, 0x75, 0x72, 0x6c, 0x2e, 0x6f, 0x72, 0x67, 0x2f, 0x64, 0x63, 0x2f, 0x65, 0x6c, 0x65,
  0x6d, 0x65, 0x6e, 0x74, 0x73, 0x2f, 0x31, 0x2e, 0x31, 0x2f, 0x22, 0x0a, 0x20, 0x20, 0x20, 0x20,
  0x78, 0x6d, 0x6c, 0x6e, 0x73, 0x3a, 0x65, 0x78, 0x69, 0x66, 0x3d, 0x22, 0x68, 0x74, 0x74, 0x70,
  0x3a, 0x2f, 0x2f, 0x6e, 0x73, 0x2e, 0x61, 0x64, 0x6f, 0x62, 0x65, 0x2e, 0x63, 0x6f, 0x6d, 0x2f,
  0x65, 0x78, 0x69, 0x66, 0x2f, 0x31, 0x2e, 0x30, 0x2f, 0x22, 0x0a, 0x20, 0x20, 0x20, 0x20, 0x78,
  0x6d, 0x6c, 0x6e, 0x73, 0x3a, 0x74, 0x69, 0x66, 0x66, 0x3d, 0x22, 0x68, 0x74, 0x74, 0x70, 0x3a,
  0x2f, 0x2f, 0x6e, 0x73, 0x2e, 0x61, 0x64, 0x6f, 0x62, 0x65, 0x2e, 0x63, 0x6f, 0x6d, 0x2f, 0x74,
  0x69, 0x66, 0x66, 0x2f, 0x31, 0x2e, 0x30, 0x2f, 0x22, 0x0a, 0x20, 0x20, 0x20, 0x20, 0x78, 0x6d,
  0x6c, 0x6e, 0x73, 0x3a, 0x78, 0x6d, 0x70, 0x4d, 0x4d, 0x3d, 0x22, 0x68, 0x74, 0x74, 0x70, 0x3a,
  0x2f, 0x2f, 0x6e, 0x73, 0x2e, 0x61, 0x64, 0x6f, 0x62, 0x65, 0x2e, 0x63, 0x6f, 0x6d, 0x2f, 0x78,
  0x61, 0x70, 0x2f, 0x31, 0x2e, 0x30, 0x2f, 0x6d, 0x6d, 0x2f, 0x22, 0x0a, 0x20, 0x20, 0x20, 0x20,
  0x78, 0x6d, 0x6c, 0x6e, 0x73, 0x3a, 0x73, 0x74, 0x45, 0x76, 0x74, 0x3d, 0x22, 0x68, 0x74, 0x74,
  0x70, 0x3a, 0x2f, 0x2f, 0x6e, 0x73, 0x2e, 0x61, 0x64, 0x6f, 0x62, 0x65, 0x2e, 0x63, 0x6f, 0x6d,
  0x2f, 0x78, 0x61, 0x70, 0x2f, 0x31, 0x2e, 0x30, 0x2f, 0x73, 0x54, 0x79, 0x70, 0x65, 0x2f, 0x52,
  0x65, 0x73, 0x6f, 0x75, 0x72, 0x63, 0x65, 0x45, 0x76, 0x65, 0x6e, 0x74, 0x23, 0x22, 0x0a, 0x20,
  0x20, 0x20, 0x78, 0x6d, 0x70, 0x3a, 0x43, 0x72, 0x65, 0x61, 0x74, 0x65, 0x44, 0x61, 0x74, 0x65,
  0x3d, 0x22, 0x32, 0x30, 0x32, 0x36, 0x2d, 0x30, 0x39, 0x2d, 0x30, 0x33, 0x54, 0x31, 0x34, 0x3a,
  0x33, 0x34, 0x3a, 0x30, 0x38, 0x2b, 0x30, 0x39, 0x3a, 0x30, 0x30, 0x22, 0x0a, 0x20, 0x20, 0x20,
  0x78, 0x6d, 0x70, 0x3a, 0x4d, 0x6f, 0x64, 0x69, 0x66, 0x79, 0x44, 0x61, 0x74, 0x65, 0x3d, 0x22,
  0x32, 0x30, 0x32, 0x36, 0x2d, 0x30, 0x39, 0x2d, 0x30, 0x33, 0x54, 0x31, 0x34, 0x3a, 0x34, 0x36,
  0x3a, 0x32, 0x32, 0x2b, 0x30, 0x39, 0x3a, 0x30, 0x30, 0x22, 0x0a, 0x20, 0x20, 0x20, 0x78, 0x6d,
  0x70, 0x3a, 0x4d, 0x65, 0x74, 0x61, 0x64, 0x61, 0x74, 0x61, 0x44, 0x61, 0x74, 0x65, 0x3d, 0x22,
  0x32, 0x30, 0x32, 0x36, 0x2d, 0x30, 0x39, 0x2d, 0x30, 0x33, 0x54, 0x31, 0x34, 0x3a, 0x34, 0x36,
  0x3a, 0x32, 0x32, 0x2b, 0x30, 0x39, 0x3a, 0x30, 0x30, 0x22, 0x0a, 0x20, 0x20, 0x20, 0x70, 0x68,
  0x6f, 0x74, 0x6f, 0x73, 0x68, 0x6f, 0x70, 0x3a, 0x44, 0x61, 0x74, 0x65, 0x43, 0x72, 0x65, 0x61,
  0x74, 0x65, 0x64, 0x3d, 0x22, 0x32, 0x30, 0x32, 0x36, 0x2d, 0x30, 0x39, 0x2d, 0x30, 0x33, 0x54,
  0x31, 0x34, 0x3a, 0x33, 0x34, 0x3a, 0x30, 0x38, 0x2b, 0x30, 0x39, 0x3a, 0x30, 0x30, 0x22, 0x0a,
  0x20, 0x20, 0x20, 0x70, 0x68, 0x6f, 0x74, 0x6f, 0x73, 0x68, 0x6f, 0x70, 0x3a, 0x43, 0x6f, 0x6c,
  0x6f, 0x72, 0x4d, 0x6f, 0x64, 0x65, 0x3d, 0x22, 0x33, 0x22, 0x0a, 0x20, 0x20, 0x20, 0x70, 0x68,
  0x6f, 0x74, 0x6f, 0x73, 0x68, 0x6f, 0x70, 0x3a, 0x49, 0x43, 0x43, 0x50, 0x72, 0x6f, 0x66, 0x69,
  0x6c, 0x65, 0x3d, 0x22, 0x73, 0x52, 0x47, 0x42, 0x20, 0x49, 0x45, 0x43, 0x36, 0x31, 0x39, 0x36,
  0x36, 0x2d, 0x32, 0x2e, 0x31, 0x22, 0x0a, 0x20, 0x20, 0x20, 0x65, 0x78, 0x69, 0x66, 0x3a, 0x50,
  0x69, 0x78, 0x65, 0x6c, 0x58, 0x44, 0x69, 0x6d, 0x65, 0x6e, 0x73, 0x69, 0x6f, 0x6e, 0x3d, 0x22,
  0x31, 0x32, 0x38, 0x30, 0x22, 0x0a, 0x20, 0x20, 0x20, 0x65, 0x78, 0x69, 0x66, 0x3a, 0x50, 0x69,
  0x78, 0x65, 0x6c, 0x59, 0x44, 0x69, 0x6d, 0x65, 0x6e, 0x73, 0x69, 0x6f, 0x6e, 0x3d, 0x22, 0x39,
  0x36, 0x30, 0x22, 0x0a, 0x20, 0x20, 0x20, 0x65, 0x78, 0x69, 0x66, 0x3a, 0x43, 0x6f, 0x6c, 0x6f,
  0x72, 0x53, 0x70, 0x61, 0x63, 0x65, 0x3d, 0x22, 0x31, 0x22, 0x0a, 0x20, 0x20, 0x20, 0x74, 0x69,
  0x66, 0x66, 0x3a, 0x49, 0x6d, 0x61, 0x67, 0x65, 0x57, 0x69, 0x64, 0x74, 0x68, 0x3d, 0x22, 0x31,
  0x32, 0x38, 0x30, 0x22, 0x0a, 0x20, 0x20, 0x20, 0x74, 0x69, 0x66, 0x66, 0x3a, 0x49, 0x6d, 0x61,
  0x67, 0x65, 0x4c, 0x65, 0x6e, 0x67, 0x74, 0x68, 0x3d, 0x22, 0x39, 0x36, 0x30, 0x22, 0x0a, 0x20,
  0x20, 0x20, 0x74, 0x69, 0x66, 0x66, 0x3a, 0x52, 0x65, 0x73, 0x6f, 0x6c, 0x75, 0x74, 0x69, 0x6f,
  0x6e, 0x55, 0x6e, 0x69, 0x74, 0x3d, 0x22, 0x32, 0x22, 0x0a, 0x20, 0x20, 0x20, 0x74, 0x69, 0x66,
  0x66, 0x3a, 0x58, 0x52, 0x65, 0x73, 0x6f, 0x6c, 0x75, 0x74, 0x69, 0x6f, 0x6e, 0x3d, 0x22, 0x33,
  0x30, 0x30, 0x2f, 0x31, 0x22, 0x0a, 0x20, 0x20, 0x20, 0x74, 0x69, 0x66, 0x66, 0x3a, 0x59, 0x52,
  0x65, 0x73, 0x6f, 0x6c, 0x75, 0x74, 0x69, 0x6f, 0x6e, 0x3d, 0x22, 0x33, 0x30, 0x30, 0x2f, 0x31,
  0x22, 0x3e, 0x0a, 0x20, 0x20, 0x20, 0x3c, 0x64, 0x63, 0x3a, 0x63, 0x72, 0x65, 0x61, 0x74, 0x6f,
  0x72, 0x3e, 0x0a, 0x20, 0x20, 0x20, 0x20, 0x3c, 0x72, 0x64, 0x66, 0x3a, 0x53, 0x65, 0x71, 0x3e,
  0x0a, 0x20, 0x20, 0x20, 0x20, 0x20, 0x3c, 0x72, 0x64, 0x66, 0x3a, 0x6c, 0x69, 0x3e, 0x4d, 0x49,
  0x52, 0x4f, 0x3c, 0x2f, 0x72, 0x64, 0x66, 0x3a, 0x6c, 0x69, 0x3e, 0x0a, 0x20, 0x20, 0x20, 0x20,
  0x3c, 0x2f, 0x72, 0x64, 0x66, 0x3a, 0x53, 0x65, 0x71, 0x3e, 0x0a, 0x20, 0x20, 0x20, 0x3c, 0x2f,
  0x64, 0x63, 0x3a, 0x63, 0x72, 0x65, 0x61, 0x74, 0x6f, 0x72, 0x3e, 0x0a, 0x20, 0x20, 0x20, 0x3c,
  0x64, 0x63, 0x3a, 0x74, 0x69, 0x74, 0x6c, 0x65, 0x3e, 0x0a, 0x20, 0x20, 0x20, 0x20, 0x3c, 0x72,
  0x64, 0x66, 0x3a, 0x41, 0x6c, 0x74, 0x3e, 0x0a, 0x20, 0x20, 0x20, 0x20, 0x20, 0x3c, 0x72, 0x64,
  0x66, 0x3a, 0x6c, 0x69, 0x20, 0x78, 0x6d, 0x6c, 0x3a, 0x6c, 0x61, 0x6e, 0x67, 0x3d, 0x22, 0x78,
  0x2d, 0x64, 0x65, 0x66, 0x61, 0x75, 0x6c, 0x74, 0x22, 0x3e, 0x45, 0x53, 0x50, 0x33, 0x32, 0x44,
  0x72, 0x6f, 0x70, 0x3c, 0x2f, 0x72, 0x64, 0x66, 0x3a, 0x6c, 0x69, 0x3e, 0x0a, 0x20, 0x20, 0x20,
  0x20, 0x3c, 0x2f, 0x72, 0x64, 0x66, 0x3a, 0x41, 0x6c, 0x74, 0x3e, 0x0a, 0x20, 0x20, 0x20, 0x3c,
  0x2f, 0x64, 0x63, 0x3a, 0x74, 0x69, 0x74, 0x6c, 0x65, 0x3e, 0x0a, 0x20, 0x20, 0x20, 0x3c, 0x78,
  0x6d, 0x70, 0x4d, 0x4d, 0x3a, 0x48, 0x69, 0x73, 0x74, 0x6f, 0x72, 0x79, 0x3e, 0x0a, 0x20, 0x20,
  0x20, 0x20, 0x3c, 0x72, 0x64, 0x66, 0x3a, 0x53, 0x65, 0x71, 0x3e, 0x0a, 0x20, 0x20, 0x20, 0x20,
  0x20, 0x3c, 0x72, 0x64, 0x66, 0x3a, 0x6c, 0x69, 0x0a, 0x20, 0x20, 0x20, 0x20, 0x20, 0x20, 0x73,
  0x74, 0x45, 0x76, 0x74, 0x3a, 0x61, 0x63, 0x74, 0x69, 0x6f, 0x6e, 0x3d, 0x22, 0x70, 0x72, 0x6f,
  0x64, 0x75, 0x63, 0x65, 0x64, 0x22, 0x0a, 0x20, 0x20, 0x20, 0x20, 0x20, 0x20, 0x73, 0x74, 0x45,
  0x76, 0x74, 0x3a, 0x73, 0x6f, 0x66, 0x74, 0x77, 0x61, 0x72, 0x65, 0x41, 0x67, 0x65, 0x6e, 0x74,
  0x3d, 0x22, 0x41, 0x66, 0x66, 0x69, 0x6e, 0x69, 0x74, 0x79, 0x20, 0x33, 0x2e, 0x32, 0x2e, 0x30,
  0x22, 0x0a, 0x20, 0x20, 0x20, 0x20, 0x20, 0x20, 0x73, 0x74, 0x45, 0x76, 0x74, 0x3a, 0x77, 0x68,
  0x65, 0x6e, 0x3d, 0x22, 0x32, 0x30, 0x32, 0x36, 0x2d, 0x30, 0x39, 0x2d, 0x30, 0x33, 0x54, 0x31,
  0x34, 0x3a, 0x34, 0x36, 0x3a, 0x32, 0x32, 0x2b, 0x30, 0x39, 0x3a, 0x30, 0x30, 0x22, 0x2f, 0x3e,
  0x0a, 0x20, 0x20, 0x20, 0x20, 0x3c, 0x2f, 0x72, 0x64, 0x66, 0x3a, 0x53, 0x65, 0x71, 0x3e, 0x0a,
  0x20, 0x20, 0x20, 0x3c, 0x2f, 0x78, 0x6d, 0x70, 0x4d, 0x4d, 0x3a, 0x48, 0x69, 0x73, 0x74, 0x6f,
  0x72, 0x79, 0x3e, 0x0a, 0x20, 0x20, 0x3c, 0x2f, 0x72, 0x64, 0x66, 0x3a, 0x44, 0x65, 0x73, 0x63,
  0x72, 0x69, 0x70, 0x74, 0x69, 0x6f, 0x6e, 0x3e, 0x0a, 0x20, 0x3c, 0x2f, 0x72, 0x64, 0x66, 0x3a,
  0x52, 0x44, 0x46, 0x3e, 0x0a, 0x3c, 0x2f, 0x78, 0x3a, 0x78, 0x6d, 0x70, 0x6d, 0x65, 0x74, 0x61,
  0x3e, 0x0a, 0x3c, 0x3f, 0x78, 0x70, 0x61, 0x63, 0x6b, 0x65, 0x74, 0x20, 0x65, 0x6e, 0x64, 0x3d,
  0x22, 0x72, 0x22, 0x3f, 0x3e, 0xce, 0x0c, 0x81, 0x52, 0x00, 0x00, 0x01, 0x82, 0x69, 0x43, 0x43,
  0x50, 0x73, 0x52, 0x47, 0x42, 0x20, 0x49, 0x45, 0x43, 0x36, 0x31, 0x39, 0x36, 0x36, 0x2d, 0x32,
  0x2e, 0x31, 0x00, 0x00, 0x28, 0x91, 0x75, 0x91, 0xdf, 0x2b, 0x83, 0x51, 0x18, 0xc7, 0x3f, 0xdb,
  0x68, 0x7e, 0x4c, 0x53, 0x5c, 0xb8, 0x70, 0x31, 0xc2, 0x15, 0x62, 0x6a, 0x71, 0xa3, 0x6c, 0x69,
  0xd4, 0xd2, 0x9a, 0x29, 0xc3, 0xcd, 0xf6, 0xda, 0x0f, 0xb5, 0x1f, 0x6f, 0xef, 0x3b, 0x49, 0x6e,
  0x95, 0xdb, 0x15, 0x25, 0x6e, 0xfc, 0xba, 0xe0, 0x2f, 0xe0, 0x56, 0xb9, 0x56, 0x8a, 0x48, 0xc9,
  0xb5, 0x5c, 0x12, 0x37, 0xe8, 0xf5, 0xbc, 0xdb, 0x6a, 0x4b, 0xf6, 0x9c, 0x9e, 0xf3, 0x7c, 0xce,
  0xf7, 0x9c, 0xe7, 0xe9, 0x9c, 0xe7, 0x80, 0x35, 0x9c, 0x56, 0x32, 0x7a, 0xdd, 0x10, 0x64, 0xb2,
  0x79, 0x2d, 0xe4, 0xf7, 0xba, 0xe6, 0x23, 0x0b, 0x2e, 0xfb, 0x2b, 0x8d, 0xd8, 0xa8, 0xa7, 0x8b,
  0xe6, 0xa8, 0xa2, 0xab, 0x13, 0xc1, 0x60, 0x80, 0x9a, 0xf6, 0x79, 0x8f, 0xc5, 0x8c, 0xb7, 0x03,
  0x66, 0xad, 0xda, 0xe7, 0xfe, 0xb5, 0xe6, 0xe5, 0xb8, 0xae, 0x80, 0xa5, 0x41, 0x78, 0x5c, 0x51,
  0xb5, 0xbc, 0xf0, 0x94, 0x70, 0x60, 0x2d, 0xaf, 0x9a, 0xbc, 0x23, 0xdc, 0xae, 0xa4, 0xa2, 0xcb,
  0xc2, 0x67, 0xc2, 0xfd, 0x9a, 0x5c, 0x50, 0xf8, 0xce, 0xd4, 0x63, 0x25, 0x7e, 0x31, 0x39, 0x59,
  0xe2, 0x6f, 0x93, 0xb5, 0x70, 0xc8, 0x07, 0xd6, 0x56, 0x61, 0x57, 0xb2, 0x8a, 0x63, 0x55, 0xac,
  0xa4, 0xb4, 0x8c, 0xb0, 0xbc, 0x9c, 0x9e, 0x4c, 0x7a, 0x55, 0x29, 0xdf, 0xc7, 0x7c, 0x89, 0x23,
  0x9e, 0x9d, 0x9b, 0x95, 0xd8, 0x2d, 0xde, 0x89, 0x4e, 0x08, 0x3f, 0x5e, 0x5c, 0x4c, 0x33, 0x89,
  0x0f, 0x0f, 0xc3, 0x8c, 0xc9, 0xec, 0x61, 0x00, 0x37, 0x83, 0xb2, 0xa2, 0x46, 0xfe, 0x50, 0x31,
  0x7f, 0x86, 0x9c, 0xe4, 0x2a, 0x32, 0xab, 0xac, 0xa3, 0xb1, 0x42, 0x92, 0x14, 0x79, 0xfa, 0x45,
  0x5d, 0x95, 0xea, 0x71, 0x89, 0x09, 0xd1, 0xe3, 0x32, 0xd2, 0xac, 0x9b, 0xfd, 0xff, 0xdb, 0x57,
  0x3d, 0x31, 0xe2, 0x2e, 0x55, 0x77, 0x78, 0xa1, 0xfe, 0xd9, 0x30, 0xde, 0x7b, 0xc1, 0xbe, 0x0d,
  0x3f, 0x05, 0xc3, 0xf8, 0x3a, 0x32, 0x8c, 0x9f, 0x63, 0xb0, 0x3d, 0xc1, 0x65, 0xb6, 0x92, 0x9f,
  0x3b, 0x84, 0xd1, 0x0f, 0xd1, 0x0b, 0x15, 0xad, 0xe7, 0x00, 0x9c, 0x9b, 0x70, 0x7e, 0x55, 0xd1,
  0x62, 0xbb, 0x70, 0xb1, 0x05, 0x1d, 0x8f, 0x6a, 0x54, 0x8b, 0x16, 0x25, 0x9b, 0xb8, 0x35, 0x91,
  0x80, 0xb7, 0x53, 0x68, 0x89, 0x40, 0xdb, 0x0d, 0x34, 0x2d, 0x96, 0x7a, 0x56, 0xde, 0xe7, 0xe4,
  0x01, 0xc2, 0x1b, 0xf2, 0x55, 0xd7, 0xb0, 0xb7, 0x0f, 0x7d, 0x72, 0xde, 0xb9, 0xf4, 0x0b, 0x06,
  0xef, 0x67, 0xba, 0x3b, 0x43, 0x50, 0x7d, 0x00, 0x00, 0x00, 0x09, 0x70, 0x48, 0x59, 0x73, 0x00,
  0x00, 0x2e, 0x23, 0x00, 0x00, 0x2e, 0x23, 0x01, 0x78, 0xa5, 0x3f, 0x76, 0x00, 0x00, 0x20, 0x00,
  0x49, 0x44, 0x41, 0x54, 0x78, 0x9c, 0xec, 0xdd, 0x79, 0x7c, 0x1c, 0x77, 0x7d, 0xf8, 0xff, 0x59,
  0xf9, 0x90, 0x6c, 0xc9, 0xb2, 0xe5, 0xfb, 0x8e, 0x8f, 0x1c, 0x4e, 0x9c, 0x84, 0x10, 0x12, 0x8e,
  0x40, 0x20, 0x84, 0xbb, 0x39, 0xa0, 0xb4, 0xa5, 0xd0, 0xd2, 0x72, 0x7c, 0x81, 0x42, 0x2f, 0xbe,
  0xbf, 0xf0, 0x6d, 0xe9, 0x0f, 0xbe, 0x7d, 0xb4, 0x50, 0xae, 0xd2, 0x83, 0x16, 0x0a, 0x0d, 0x57,
  0xa1, 0x9c, 0x2d, 0x50, 0xae, 0x70, 0x84, 0x84, 0x04, 0x12, 0xe7, 0x20, 0x27, 0x89, 0x1d, 0x27,
  0xb1, 0x9d, 0xc8, 0x67, 0x7c, 0xc8, 0xb6, 0xe4, 0x4b, 0xb2, 0xce, 0x9d, 0xef, 0x1f, 0xeb, 0x24,
  0x8e, 0x63, 0x8d, 0x56, 0x7b, 0xcd, 0xec, 0x7e, 0x9e, 0xcf, 0x3f, 0xc0, 0x96, 0x66, 0x67, 0xde,
  0x91, 0x57, 0xab, 0x79, 0x69, 0x66, 0x67, 0x72, 0x71, 0x1c, 0x47, 0x00, 0x00, 0x00, 0xd0, 0xe8,
  0x9a, 0xd2, 0x1e, 0x00, 0x00, 0x00, 0x00, 0x6a, 0x41, 0x00, 0x03, 0x00, 0x00, 0x10, 0x04, 0x01,
  0x0c, 0x00, 0x00, 0x40, 0x10, 0x04, 0x30, 0x00, 0x00, 0x00, 0x41, 0x10, 0xc0, 0x00, 0x00, 0x00,
  0x04, 0x41, 0x00, 0x03, 0x00, 0x00, 0x10, 0x04, 0x01, 0x0c, 0x00, 0x00, 0x40, 0x10, 0x04, 0x30,
  0x00, 0x00, 0x00, 0x41, 0x10, 0xc0, 0x00, 0x00, 0x00, 0x04, 0x41, 0x00, 0x03, 0x00, 0x00, 0x10,
  0x04, 0x01, 0x0c, 0x00, 0x00, 0x40, 0x10, 0x04, 0x30, 0x00, 0x00, 0x00, 0x41, 0x10, 0xc0, 0x00,
  0x00, 0x00, 0x04, 0x41, 0x00, 0x03, 0x00, 0x00, 0x10, 0x04, 0x01, 0x0c, 0x00, 0x00, 0x40, 0x10,
  0x04, 0x30, 0x00, 0x00, 0x00, 0x41, 0x10, 0xc0, 0x00, 0x00, 0x00, 0x04, 0x41, 0x00, 0x03, 0x00,
  0x00, 0x10, 0x04, 0x01, 0x0c, 0x00, 0x00, 0x40, 0x10, 0x04, 0x30, 0x00, 0x00, 0x00, 0x41, 0x10,
  0xc0, 0x00, 0x00, 0x00, 0x04, 0x41, 0x00, 0x03, 0x00, 0x00, 0x10, 0x04, 0x01, 0x0c, 0x00, 0x00,
  0x40, 0x10, 0x04, 0x30, 0x00, 0x00, 0x00, 0x41, 0x10, 0xc0, 0x00, 0x00, 0x00, 0x04, 0x41, 0x00,
  0x03, 0x00, 0x00, 0x10, 0x04, 0x01, 0x0c, 0x00, 0x00, 0x40, 0x10, 0x04, 0x30, 0x00, 0x00, 0x00,
  0x41, 0x10, 0xc0, 0x00, 0x00, 0x00, 0x04, 0x41, 0x00, 0x03, 0x00, 0x00, 0x10, 0x04, 0x01, 0x0c,
  0x00, 0x00, 0x40, 0x10, 0x04, 0x30, 0x00, 0x00, 0x00, 0x41, 0x10, 0xc0, 0x00, 0x00, 0x00, 0x04,
  0x41, 0x00, 0x03, 0x00, 0x00, 0x10, 0x04, 0x01, 0x0c, 0x00, 0x00, 0x40, 0x10, 0x04, 0x30, 0x00,
  0x00, 0x00, 0x41, 0x10, 0xc0, 0x00, 0x00, 0x00, 0x04, 0x41, 0x00, 0x03, 0x00, 0x00, 0x10, 0x04,
  0x01, 0x0c, 0x00, 0x00, 0x40, 0x10, 0x04, 0x30, 0x00, 0x00, 0x00, 0x41, 0x10, 0xc0, 0x00, 0x00,
  0x00, 0x04, 0x41, 0x00, 0x03, 0x00, 0x00, 0x10, 0x04, 0x01, 0x0c, 0x00, 0x00, 0x40, 0x10, 0x04,
  0x30, 0x00, 0x00, 0x00, 0x41, 0x10, 0xc0, 0x00, 0x00, 0x00, 0x04, 0x41, 0x00, 0x03, 0x00, 0x00,
  0x10, 0x04, 0x01, 0x0c, 0x00, 0x00, 0x40, 0x10, 0x04, 0x30, 0x00, 0x00, 0x00, 0x41, 0x10, 0xc0,
  0x00, 0x00, 0x00, 0x04, 0x41, 0x00, 0x03, 0x00, 0x00, 0x10, 0x04, 0x01, 0x0c, 0x00, 0x00, 0x40,
  0x10, 0x04, 0x30, 0x00, 0x00, 0x00, 0x41, 0x10, 0xc0, 0x00, 0x00, 0x00, 0x04, 0x41, 0x00, 0x03,
  0x00, 0x00, 0x10, 0x04, 0x01, 0x0c, 0x00, 0x00, 0x40, 0x10, 0x04, 0x30, 0x00, 0x00, 0x00, 0x41,
  0x10, 0xc0, 0x00, 0x00, 0x00, 0x04, 0x41, 0x00, 0x03, 0x00, 0x00, 0x10, 0x04, 0x01, 0x0c, 0x00,
  0x00, 0x40, 0x10, 0x04, 0x30, 0x00, 0x00, 0x00, 0x41, 0x10, 0xc0, 0x00, 0x00, 0x00, 0x04, 0x41,
  0x00, 0x03, 0x00, 0x00, 0x10, 0x04, 0x01, 0x0c, 0x00, 0x00, 0x40, 0x10, 0x04, 0x30, 0x00, 0x00,
  0x00, 0x41, 0x10, 0xc0, 0x00, 0x00, 0x00, 0x04, 0x41, 0x00, 0x03, 0x00, 0x00, 0x10, 0x04, 0x01,
  0x0c, 0x00, 0x00, 0x40, 0x10, 0x04, 0x30, 0x00, 0x00, 0x00, 0x41, 0x10, 0xc0, 0x00, 0x00, 0x00,
  0x04, 0x41, 0x00, 0x03, 0x00, 0x00, 0x10, 0x04, 0x01, 0x0c, 0x00, 0x00, 0x40, 0x10, 0x04, 0x30,
  0x00, 0x00, 0x00, 0x41, 0x10, 0xc0, 0x00, 0x00, 0x00, 0x04, 0x41, 0x00, 0x03, 0x00, 0x00, 0x10,
  0x04, 0x01, 0x0c, 0x00, 0x00, 0x40, 0x10, 0x04, 0x30, 0x00, 0x00, 0x00, 0x41, 0x10, 0xc0, 0x00,
  0x00, 0x00, 0x04, 0x41, 0x00, 0x03, 0x00, 0x00, 0x10, 0x04, 0x01, 0x0c, 0x00, 0x00, 0x40, 0x10,
  0x04, 0x30, 0x00, 0x00, 0x00, 0x41, 0x10, 0xc0, 0x00, 0x00, 0x00, 0x04, 0x41, 0x00, 0x03, 0x00,
  0x00, 0x10, 0x04, 0x01, 0x0c, 0x00, 0x00, 0x40, 0x10, 0x04, 0x30, 0x00, 0x00, 0x00, 0x41, 0x10,
  0xc0, 0x00, 0x00, 0x00, 0x04, 0x41, 0x00, 0x03, 0x00, 0x00, 0x10, 0x04, 0x01, 0x0c, 0x00, 0x00,
  0x40, 0x10, 0x04, 0x30, 0x00, 0x00, 0x00, 0x41, 0x10, 0xc0, 0x00, 0x00, 0x00, 0x04, 0x41, 0x00,
  0x03, 0x00, 0x00, 0x10, 0x04, 0x01, 0x0c, 0x00, 0x00, 0x40, 0x10, 0x04, 0x30, 0x00, 0x00, 0x00,
  0x41, 0x10, 0xc0, 0x00, 0x00, 0x00, 0x04, 0x41, 0x00, 0x03, 0x00, 0x00, 0x10, 0x04, 0x01, 0x0c,
  0x00, 0x00, 0x40, 0x10, 0x04, 0x30, 0x00, 0x00, 0x00, 0x41, 0x10, 0xc0, 0x00, 0x00, 0x00, 0x04,
  0x41, 0x00, 0x03, 0x00, 0x00, 0x10, 0x04, 0x01, 0x0c, 0x00, 0x00, 0x40, 0x10, 0x04, 0x30, 0x00,
  0x00, 0x00, 0x41, 0x10, 0xc0, 0x00, 0x00, 0x00, 0x04, 0x41, 0x00, 0x03, 0x00, 0x00, 0x10, 0x04,
  0x01, 0x0c, 0x00, 0x00, 0x40, 0x10, 0x04, 0x30, 0x00, 0x00, 0x00, 0x41, 0x10, 0xc0, 0x00, 0x00,
  0x00, 0x04, 0x41, 0x00, 0x03, 0x00, 0x00, 0x10, 0x04, 0x01, 0x0c, 0x00, 0x00, 0x40, 0x10, 0x04,
  0x30, 0x00, 0x00, 0x00, 0x41, 0x10, 0xc0, 0x00, 0x00, 0x00, 0x04, 0x41, 0x00, 0x03, 0x00, 0x00,
  0x10, 0x04, 0x01, 0x0c, 0x00, 0x00, 0x40, 0x10, 0x04, 0x30, 0x00, 0x00, 0x00, 0x41, 0x10, 0xc0,
  0x00, 0x00, 0x00, 0x04, 0x41, 0x00, 0x03, 0x00, 0x00, 0x10, 0x04, 0x01, 0x0c, 0x00, 0x00, 0x40,
  0x10, 0x04, 0x30, 0x00, 0x00, 0x00, 0x41, 0x10, 0xc0, 0x00, 0x00, 0x00, 0x04, 0x41, 0x00, 0x03,
  0x00, 0x00, 0x10, 0x04, 0x01, 0x0c, 0x00, 0x00, 0x40, 0x10, 0x04, 0x30, 0x00, 0x00, 0x00, 0x41,
  0x10, 0xc0, 0x00, 0x00, 0x00, 0x04, 0x41, 0x00, 0x03, 0x00, 0x00, 0x10, 0x04, 0x01, 0x0c, 0x00,
  0x00, 0x40, 0x10, 0x04, 0x30, 0x00, 0x00, 0x00, 0x41, 0x10, 0xc0, 0x00, 0x00, 0x00, 0x04, 0x41,
  0x00, 0x03, 0x00, 0x00, 0x10, 0x04, 0x01, 0x0c, 0x00, 0x00, 0x40, 0x10, 0x04, 0x30, 0x00, 0x00,
  0x00, 0x41, 0x10, 0xc0, 0x00, 0x00, 0x00, 0x04, 0x41, 0x00, 0x03, 0x00, 0x00, 0x10, 0x04, 0x01,
  0x0c, 0x00, 0x00, 0x40, 0x10, 0x04, 0x30, 0x00, 0x00, 0x00, 0x41, 0x10, 0xc0, 0x00, 0x00, 0x00,
  0x04, 0x41, 0x00, 0x03, 0x00, 0x00, 0x10, 0x04, 0x01, 0x0c, 0x00, 0x00, 0x40, 0x10, 0x04, 0x30,
  0x00, 0x00, 0x00, 0x41, 0x10, 0xc0, 0x00, 0x00, 0x00, 0x04, 0x41, 0x00, 0x03, 0x00, 0x00, 0x10,
  0x04, 0x01, 0x0c, 0x00, 0x00, 0x40, 0x10, 0x04, 0x30, 0x00, 0x00, 0x00, 0x41, 0x10, 0xc0, 0x00,
  0x00, 0x00, 0x04, 0x41, 0x00, 0x03, 0x00, 0x00, 0x10, 0x04, 0x01, 0x0c, 0x00, 0x00, 0x40, 0x10,
  0x04, 0x30, 0x00, 0x00, 0x00, 0x41, 0x10, 0xc0, 0x00, 0x00, 0x00, 0x04, 0x41, 0x00, 0x03, 0x00,
  0x00, 0x10, 0x04, 0x01, 0x0c, 0x00, 0x00, 0x40, 0x10, 0x04, 0x30, 0x00, 0x00, 0x00, 0x41, 0x10,
  0xc0, 0x00, 0x00, 0x00, 0x04, 0x41, 0x00, 0x03, 0x00, 0x00, 0x10, 0x04, 0x01, 0x0c, 0x00, 0x00,
  0x40, 0x10, 0x04, 0x30, 0x00, 0x00, 0x00, 0x41, 0x10, 0xc0, 0x00, 0x00, 0x00, 0x04, 0x41, 0x00,
  0x03, 0x00, 0x00, 0x10, 0x04, 0x01, 0x0c, 0x00, 0x00, 0x40, 0x10, 0x04, 0x30, 0x00, 0x00, 0x00,
  0x41, 0x10, 0xc0, 0x00, 0x00, 0x00, 0x04, 0x41, 0x00, 0x03, 0x00, 0x00, 0x10, 0x04, 0x01, 0x0c,
  0x00, 0x00, 0x40, 0x10, 0x04, 0x30, 0x00, 0x00, 0x00, 0x41, 0x10, 0xc0, 0x00, 0x00, 0x00, 0x04,
  0x41, 0x00, 0x03, 0x00, 0x00, 0x10, 0x04, 0x01, 0x0c, 0x00, 0x00, 0x40, 0x10, 0x04, 0x30, 0x00,
  0x00, 0x00, 0x41, 0x10, 0xc0, 0x00, 0x00, 0x00, 0x04, 0x41, 0x00, 0x03, 0x00, 0x00, 0x10, 0x04,
  0x01, 0x0c, 0x00, 0x00, 0x40, 0x10, 0x04, 0x30, 0x00, 0x00, 0x00, 0x41, 0x10, 0xc0, 0x00, 0x00,
  0x00, 0x04, 0x41, 0x00, 0x03, 0x00, 0x00, 0x10, 0x04, 0x01, 0x0c, 0x00, 0x00, 0x40, 0x10, 0x04,
  0x30, 0x00, 0x00, 0x00, 0x41, 0x10, 0xc0, 0x00, 0x00, 0x00, 0x04, 0x41, 0x00, 0x03, 0x00, 0x00,
  0x10, 0x04, 0x01, 0x0c, 0x00, 0x00, 0x40, 0x10, 0x04, 0x30, 0x00, 0x00, 0x00, 0x41, 0x10, 0xc0,
  0x00, 0x00, 0x00, 0x04, 0x41, 0x00, 0x03, 0x00, 0x00, 0x10, 0x04, 0x01, 0x0c, 0x00, 0x00, 0x40,
  0x10, 0x04, 0x30, 0x00, 0x00, 0x00, 0x41, 0x10, 0xc0, 0x00, 0x00, 0x00, 0x04, 0x41, 0x00, 0x03,
  0x00, 0x00, 0x10, 0x04, 0x01, 0x0c, 0x00, 0x00, 0x40, 0x10, 0x04, 0x30, 0x00, 0x00, 0x00, 0x41,
  0x10, 0xc0, 0x00, 0x00, 0x00, 0x04, 0x41, 0x00, 0x03, 0x00, 0x00, 0x10, 0x04, 0x01, 0x0c, 0x00,
  0x00, 0x40, 0x10, 0x04, 0x30, 0x00, 0x00, 0x00, 0x41, 0x10, 0xc0, 0x00, 0x00, 0x00, 0x04, 0x41,
  0x00, 0x03, 0x00, 0x00, 0x10, 0x04, 0x01, 0x0c, 0x00, 0x00, 0x40, 0x10, 0x04, 0x30, 0x00, 0x00,
  0x00, 0x41, 0x10, 0xc0, 0x00, 0x00, 0x00, 0x04, 0x41, 0x00, 0x03, 0x00, 0x00, 0x10, 0x04, 0x01,
  0x0c, 0x00, 0x00, 0x40, 0x10, 0x04, 0x30, 0x00, 0x00, 0x00, 0x41, 0x10, 0xc0, 0x00, 0x00, 0x00,
  0x04, 0x41, 0x00, 0x03, 0x00, 0x00, 0x10, 0x04, 0x01, 0x0c, 0x00, 0x00, 0x40, 0x10, 0x04, 0x30,
  0x00, 0x00, 0x00, 0x41, 0x10, 0xc0, 0x00, 0x00, 0x00, 0x04, 0x41, 0x00, 0x03, 0x00, 0x00, 0x10,
  0x04, 0x01, 0x0c, 0x00, 0x00, 0x40, 0x10, 0x04, 0x30, 0x00, 0x00, 0x00, 0x41, 0x10, 0xc0, 0x00,
  0x00, 0x00, 0x04, 0x41, 0x00, 0x03, 0x00, 0x00, 0x10, 0x04, 0x01, 0x0c, 0x00, 0x00, 0x40, 0x10,
  0x04, 0x30, 0x00, 0x00, 0x00, 0x41, 0x10, 0xc0, 0x00, 0x00, 0x00, 0x04, 0x41, 0x00, 0x03, 0x00,
  0x00, 0x10, 0x04, 0x01, 0x0c, 0x00, 0x00, 0x40, 0x10, 0x04, 0x30, 0x00, 0x00, 0x00, 0x41, 0x10,
  0xc0, 0x00, 0x00, 0x00, 0x04, 0x41, 0x00, 0x03, 0x00, 0x00, 0x10, 0x04, 0x01, 0x0c, 0x00, 0x00,
  0x40, 0x10, 0x04, 0x30, 0x00, 0x00, 0x00, 0x41, 0x10, 0xc0, 0x00, 0x00, 0x00, 0x04, 0x41, 0x00,
  0x03, 0x00, 0x00, 0x10, 0x04, 0x01, 0x0c, 0x00, 0x00, 0x40, 0x10, 0x04, 0x30, 0x00, 0x00, 0x00,
  0x41, 0x10, 0xc0, 0x00, 0x00, 0x00, 0x04, 0x41, 0x00, 0x03, 0x00, 0x00, 0x10, 0x04, 0x01, 0x0c,
  0x00, 0x00, 0x40, 0x10, 0x04, 0x30, 0x00, 0x00, 0x00, 0x41, 0x10, 0xc0, 0x00, 0x00, 0x00, 0x04,
  0x41, 0x00, 0x03, 0x00, 0x00, 0x10, 0x04, 0x01, 0x0c, 0x00, 0x00, 0x40, 0x10, 0x04, 0x30, 0x00,
  0x00, 0x00, 0x41, 0x10, 0xc0, 0x00, 0x00, 0x00, 0x04, 0x41, 0x00, 0x03, 0x00, 0x00, 0x10, 0x04,
  0x01, 0x0c, 0x00, 0x00, 0x40, 0x10, 0x04, 0x30, 0x00, 0x00, 0x00, 0x41, 0x10, 0xc0, 0x00, 0x00,
  0x00, 0x04, 0x41, 0x00, 0x03, 0x00, 0x00, 0x10, 0x04, 0x01, 0x0c, 0x00, 0x00, 0x40, 0x10, 0x04,
  0x30, 0x00, 0x00, 0x00, 0x41, 0x10, 0xc0, 0x00, 0x00, 0x00, 0x04, 0x41, 0x00, 0x03, 0x00, 0x00,
  0x10, 0x04, 0x01, 0x0c, 0x00, 0x00, 0x40, 0x10, 0x04, 0x30, 0x00, 0x00, 0x00, 0x41, 0x10, 0xc0,
  0x00, 0x00, 0x00, 0x04, 0x41, 0x00, 0x03, 0x00, 0x00, 0x10, 0x04, 0x01, 0x0c, 0x00, 0x00, 0x40,
  0x10, 0x04, 0x30, 0x00, 0x00, 0x00, 0x41, 0x10, 0xc0, 0x00, 0x00, 0x00, 0x04, 0x41, 0x00, 0x03,
  0x00, 0x00, 0x10, 0x04, 0x01, 0x0c, 0x00, 0x00, 0x40, 0x10, 0x04, 0x30, 0x00, 0x00, 0x00, 0x41,
  0x10, 0xc0, 0x00, 0x00, 0x00, 0x04, 0x41, 0x00, 0x03, 0x00, 0x00, 0x10, 0x04, 0x01, 0x0c, 0x00,
  0x00, 0x40, 0x10, 0x04, 0x30, 0x00, 0x00, 0x00, 0x41, 0x10, 0xc0, 0x00, 0x00, 0x00, 0x04, 0x41,
  0x00, 0x03, 0x00, 0x00, 0x10, 0x04, 0x01, 0x0c, 0x00, 0x00, 0x40, 0x10, 0x04, 0x30, 0x00, 0x00,
  0x00, 0x41, 0x10, 0xc0, 0x00, 0x00, 0x00, 0x04, 0x41, 0x00, 0x03, 0x00, 0x00, 0x10, 0x04, 0x01,
  0x0c, 0x00, 0x00, 0x40, 0x10, 0x04, 0x30, 0x00, 0x00, 0x00, 0x41, 0x10, 0xc0, 0x00, 0x00, 0x00,
  0x04, 0x41, 0x00, 0x03, 0x00, 0x00, 0x10, 0x04, 0x01, 0x0c, 0x00, 0x00, 0x40, 0x10, 0x04, 0x30,
  0x00, 0x00, 0x00, 0x41, 0x10, 0xc0, 0x00, 0x00, 0x00, 0x04, 0x41, 0x00, 0x03, 0x00, 0x00, 0x10,
  0x04, 0x01, 0x0c, 0x00, 0x00, 0x40, 0x10, 0x04, 0x30, 0x00, 0x00, 0x00, 0x41, 0x10, 0xc0, 0x00,
  0x00, 0x00, 0x04, 0x41, 0x00, 0x03, 0x00, 0x00, 0x10, 0x04, 0x01, 0x0c, 0x00, 0x00, 0x40, 0x10,
  0x04, 0x30, 0x00, 0x00, 0x00, 0x41, 0x10, 0xc0, 0x00, 0x00, 0x00, 0x04, 0x41, 0x00, 0x03, 0x00,
  0x00, 0x10, 0x04, 0x01, 0x0c, 0x00, 0x00, 0x40, 0x10, 0x04, 0x30, 0x00, 0x00, 0x00, 0x41, 0x10,
  0xc0, 0x00, 0x00, 0x00, 0x04, 0x41, 0x00, 0x03, 0x00, 0x00, 0x10, 0x04, 0x01, 0x0c, 0x00, 0x00,
  0x40, 0x10, 0x04, 0x30, 0x00, 0x00, 0x00, 0x41, 0x10, 0xc0, 0x00, 0x00, 0x00, 0x04, 0x41, 0x00,
  0x03, 0x00, 0x00, 0x10, 0x04, 0x01, 0x0c, 0x00, 0x00, 0x40, 0x10, 0x04, 0x30, 0x00, 0x00, 0x00,
  0x41, 0x10, 0xc0, 0x00, 0x00, 0x00, 0x04, 0x41, 0x00, 0x03, 0x00, 0x00, 0x10, 0x04, 0x01, 0x0c,
  0x00, 0x00, 0x40, 0x10, 0x04, 0x30, 0x00, 0x00, 0x00, 0x41, 0x10, 0xc0, 0x00, 0x00, 0x00, 0x04,
  0x41, 0x00, 0x03, 0x00, 0x00, 0x10, 0x04, 0x01, 0x0c, 0x00, 0x00, 0x40, 0x10, 0x04, 0x30, 0x00,
  0x00, 0x00, 0x41, 0x10, 0xc0, 0x00, 0x00, 0x00, 0x04, 0x41, 0x00, 0x03, 0x00, 0x00, 0x10, 0x04,
  0x01, 0x0c, 0x00, 0x00, 0x40, 0x10, 0x04, 0x30, 0x00, 0x00, 0x00, 0x41, 0x10, 0xc0, 0x00, 0x00,
  0x00, 0x04, 0x61, 0x62, 0xda, 0x03, 0x8c, 0xdf, 0xfe, 0x4d, 0x51, 0x14, 0xa7, 0x3d, 0x44, 0x3d,
  0x9b, 0x38, 0x25, 0x9a, 0xbe, 0x24, 0xe5, 0x19, 0x06, 0x0f, 0x47, 0x87, 0x77, 0xa5, 0x3c, 0x43,
  0x06, 0x35, 0x4f, 0x8f, 0xda, 0xe6, 0x95, 0xbb, 0x92, 0x9e, 0xcd, 0x51, 0x7e, 0xa8, 0x12, 0xd3,
  0x34, 0x96, 0xdc, 0x84, 0x68, 0xe6, 0xca, 0xd4, 0xb6, 0xde, 0xbb, 0x37, 0xea, 0xef, 0x49, 0x6d,
  0xeb, 0xd9, 0x34, 0xf3, 0xd4, 0x28, 0x97, 0x8d, 0xdf, 0xc0, 0xf6, 0x1f, 0x8c, 0x7a, 0xf7, 0xa4,
  0x3d, 0x44, 0x96, 0x4c, 0x5b, 0x18, 0x4d, 0x6e, 0x4b, 0x7b, 0x88, 0xc7, 0x1d, 0x7a, 0x2c, 0x1a,
  0xea, 0x4d, 0x7b, 0x88, 0x8c, 0x69, 0x9b, 0x1f, 0x35, 0xb7, 0xa7, 0x3d, 0x04, 0x40, 0x1d, 0xcb,
  0xc5, 0x71, 0x9d, 0xc5, 0x64, 0xfe, 0xc3, 0x33, 0xa3, 0xe1, 0xa3, 0x69, 0x4f, 0x51, 0xcf, 0x96,
  0x3e, 0xbf, 0xe9, 0x2d, 0x3f, 0x4f, 0x73, 0x80, 0xbe, 0xfd, 0xf9, 0xaf, 0xbc, 0x2a, 0xda, 0xb3,
  0x2e, 0xcd, 0x19, 0x32, 0x29, 0x77, 0xc1, 0xdb, 0x73, 0x97, 0x7d, 0xb2, 0xcc, 0x95, 0xe4, 0x3f,
  0xb9, 0x3a, 0xea, 0xe9, 0xac, 0xc8, 0x3c, 0x0d, 0x26, 0xf7, 0xa2, 0xf7, 0xe7, 0x2e, 0xf9, 0xbf,
  0xa9, 0x6c, 0x3a, 0xfe, 0xd9, 0x5f, 0xc6, 0xbf, 0xfa, 0x54, 0x2a, 0x9b, 0xce, 0xac, 0xdc, 0xf9,
  0x6f, 0xc9, 0x5d, 0xfe, 0x6f, 0x59, 0x68, 0xe0, 0xf8, 0xee, 0xcf, 0xc7, 0x3f, 0xfe, 0xf3, 0xb4,
  0xa7, 0xc8, 0x92, 0x79, 0xe7, 0x36, 0xbd, 0xe9, 0xa7, 0xd1, 0x94, 0x99, 0x69, 0xcf, 0x11, 0x45,
  0x51, 0x14, 0x7f, 0xf3, 0xb7, 0xe3, 0x8d, 0x3f, 0x4e, 0x7b, 0x8a, 0x8c, 0x99, 0x73, 0x56, 0xd3,
  0x9b, 0xae, 0x8d, 0x5a, 0xe7, 0xa4, 0x3d, 0x07, 0x40, 0xbd, 0x4a, 0x7f, 0xe7, 0x83, 0xb0, 0xa8,
  0x5f, 0x52, 0x12, 0xdf, 0xf4, 0xe1, 0xf8, 0x97, 0x1f, 0x4a, 0x7b, 0x0a, 0x8e, 0x89, 0xef, 0xfd,
  0x52, 0xfc, 0xa3, 0x3f, 0x8d, 0xe2, 0x7c, 0xda, 0x83, 0xf0, 0x34, 0x7b, 0xd6, 0xe6, 0xff, 0xf3,
  0x55, 0xd1, 0xd1, 0xee, 0xb4, 0xe7, 0x60, 0x14, 0x7b, 0x1f, 0xcc, 0xff, 0xe7, 0x2b, 0xa3, 0xde,
  0xbd, 0x69, 0xcf, 0x01, 0x50, 0xaf, 0x04, 0x30, 0x35, 0xa4, 0x7e, 0x49, 0x95, 0x06, 0xce, 0x14,
  0x0d, 0x9c, 0x5d, 0x1a, 0x38, 0xe3, 0x34, 0x30, 0x40, 0x19, 0x04, 0x30, 0xb5, 0xa2, 0x7e, 0xc9,
  0x00, 0x0d, 0x9c, 0x29, 0x1a, 0x38, 0xbb, 0x34, 0x70, 0xc6, 0x69, 0x60, 0x80, 0x52, 0x09, 0x60,
  0x6a, 0x42, 0xfd, 0x92, 0x19, 0x1a, 0x38, 0x53, 0x34, 0x70, 0x76, 0x69, 0xe0, 0x8c, 0xd3, 0xc0,
  0x00, 0x25, 0x11, 0xc0, 0x54, 0x9f, 0xfa, 0x25, 0x63, 0x34, 0x70, 0xa6, 0x68, 0xe0, 0xec, 0xd2,
  0xc0, 0x19, 0xa7, 0x81, 0x01, 0xc6, 0x4f, 0x00, 0x53, 0x65, 0xea, 0x97, 0x4c, 0xd2, 0xc0, 0x99,
  0xa2, 0x81, 0xb3, 0x4b, 0x03, 0x67, 0x9c, 0x06, 0x06, 0x18, 0x27, 0x01, 0x4c, 0x35, 0xa9, 0x5f,
  0x32, 0x4c, 0x03, 0x67, 0x8a, 0x06, 0xce, 0x2e, 0x0d, 0x9c, 0x71, 0x1a, 0x18, 0x60, 0x3c, 0x04,
  0x30, 0x55, 0xa3, 0x7e, 0xc9, 0x3c, 0x0d, 0x9c, 0x29, 0x1a, 0x38, 0xbb, 0x34, 0x70, 0xc6, 0x69,
  0x60, 0x80, 0xa2, 0x09, 0x60, 0xaa, 0x43, 0xfd, 0x52, 0x27, 0x34, 0x70, 0xa6, 0x68, 0xe0, 0xec,
  0xd2, 0xc0, 0x19, 0xa7, 0x81, 0x01, 0x8a, 0x23, 0x80, 0xa9, 0x02, 0xf5, 0x4b, 0x5d, 0xd1, 0xc0,
  0x99, 0xa2, 0x81, 0xb3, 0x4b, 0x03, 0x67, 0x9c, 0x06, 0x06, 0x28, 0x82, 0x00, 0xa6, 0xd2, 0xd4,
  0x2f, 0x75, 0x48, 0x03, 0x67, 0x8a, 0x06, 0xce, 0x2e, 0x0d, 0x9c, 0x71, 0x1a, 0x18, 0x60, 0x2c,
  0x02, 0x98, 0x8a, 0x52, 0xbf, 0xd4, 0x2d, 0x0d, 0x9c, 0x29, 0x1a, 0x38, 0xbb, 0x34, 0x70, 0xc6,
  0x69, 0x60, 0x80, 0x44, 0x02, 0x98, 0xca, 0x51, 0xbf, 0xd4, 0x39, 0x0d, 0x9c, 0x29, 0x1a, 0x38,
  0xbb, 0x34, 0x70, 0xc6, 0x69, 0x60, 0x80, 0xd1, 0x09, 0x60, 0x2a, 0x44, 0xfd, 0xd2, 0x10, 0x34,
  0x70, 0xa6, 0x68, 0xe0, 0xec, 0xd2, 0xc0, 0x19, 0xa7, 0x81, 0x01, 0x46, 0x21, 0x80, 0xa9, 0x04,
  0xf5, 0x4b, 0x03, 0xd1, 0xc0, 0x99, 0xa2, 0x81, 0xb3, 0x4b, 0x03, 0x67, 0x9c, 0x06, 0x06, 0x38,
  0x19, 0x01, 0x4c, 0xd9, 0xd4, 0x2f, 0x0d, 0x47, 0x03, 0x67, 0x8a, 0x06, 0xce, 0x2e, 0x0d, 0x9c,
  0x71, 0x1a, 0x18, 0xe0, 0x69, 0x04, 0x30, 0xe5, 0x51, 0xbf, 0x34, 0x28, 0x0d, 0x9c, 0x29, 0x1a,
  0x38, 0xbb, 0x34, 0x70, 0xc6, 0x69, 0x60, 0x80, 0xa7, 0x12, 0xc0, 0x94, 0x41, 0xfd, 0xd2, 0xd0,
  0x34, 0x70, 0xa6, 0x68, 0xe0, 0xec, 0xd2, 0xc0, 0x19, 0xa7, 0x81, 0x01, 0x8e, 0x23, 0x80, 0x29,
  0x95, 0xfa, 0x25, 0x00, 0x1a, 0x38, 0x53, 0x34, 0x70, 0x76, 0x69, 0xe0, 0x8c, 0xd3, 0xc0, 0x00,
  0x8f, 0x13, 0xc0, 0x94, 0x44, 0xfd, 0x12, 0x0c, 0x0d, 0x9c, 0x29, 0x1a, 0x38, 0xbb, 0x34, 0x70,
  0xc6, 0x69, 0x60, 0x80, 0x28, 0x8a, 0x04, 0x30, 0xa5, 0x50, 0xbf, 0x04, 0x46, 0x03, 0x67, 0x8a,
  0x06, 0xce, 0x2e, 0x0d, 0x9c, 0x71, 0x1a, 0x18, 0x40, 0x00, 0x33, 0x6e, 0xea, 0x97, 0x20, 0x69,
  0xe0, 0x4c, 0xd1, 0xc0, 0xd9, 0xa5, 0x81, 0x33, 0x4e, 0x03, 0x03, 0xc1, 0x13, 0xc0, 0x8c, 0x87,
  0xfa, 0x25, 0x60, 0x1a, 0x38, 0x53, 0x34, 0x70, 0x76, 0x69, 0xe0, 0x8c, 0xd3, 0xc0, 0x40, 0xd8,
  0x04, 0x30, 0x45, 0x53, 0xbf, 0x04, 0x4f, 0x03, 0x67, 0x8a, 0x06, 0xce, 0x2e, 0x0d, 0x9c, 0x71,
  0x1a, 0x18, 0x08, 0x98, 0x00, 0xa6, 0x58, 0xf1, 0x0d, 0x7f, 0xad, 0x7e, 0x41, 0x03, 0x67, 0x4a,
  0x7c, 0xef, 0x97, 0xe2, 0x87, 0x7e, 0x90, 0xf6, 0x14, 0x9c, 0x8c, 0x06, 0xce, 0x38, 0x0d, 0x0c,
  0x84, 0x4a, 0x00, 0x53, 0xb4, 0xe1, 0x81, 0xb4, 0x27, 0x80, 0x4c, 0x88, 0x6f, 0xfa, 0x70, 0x7c,
  0xcf, 0x17, 0xd2, 0x9e, 0x82, 0xc7, 0x8d, 0x78, 0x69, 0xca, 0xaa, 0x3d, 0x6b, 0xf3, 0x5f, 0xbb,
  0x32, 0xed, 0x21, 0x18, 0xdd, 0xde, 0x07, 0xf3, 0x5f, 0xbd, 0x2c, 0xed, 0x21, 0x00, 0x6a, 0x4d,
  0x00, 0x03, 0x8c, 0xdf, 0xbe, 0x8d, 0x69, 0x4f, 0x00, 0xf5, 0x60, 0xff, 0xa6, 0xb4, 0x27, 0x20,
  0x91, 0x97, 0x32, 0x20, 0x3c, 0x02, 0x18, 0x00, 0x00, 0x80, 0x20, 0x4c, 0x4c, 0x7b, 0x00, 0xa0,
  0x6e, 0x35, 0x4f, 0x6f, 0x7a, 0xcb, 0x75, 0x69, 0x0f, 0x71, 0x4c, 0xbc, 0x7b, 0x6d, 0xfc, 0xfd,
  0xb7, 0xa7, 0x3d, 0x05, 0x00, 0x00, 0x99, 0x26, 0x80, 0x13, 0xb5, 0xce, 0xc9, 0x5d, 0xf0, 0x8e,
  0xb4, 0x87, 0xa8, 0xb4, 0x19, 0x4b, 0xd3, 0x9e, 0x80, 0x46, 0xd1, 0x34, 0x21, 0x9a, 0x77, 0x6e,
  0xda, 0x43, 0x1c, 0x93, 0x1b, 0xec, 0x8b, 0xd3, 0x9e, 0x61, 0x54, 0xa7, 0xbe, 0x2c, 0xd7, 0xdc,
  0x9e, 0xf6, 0x10, 0xb5, 0xb2, 0xed, 0xd6, 0x78, 0xf3, 0x2f, 0xd3, 0x1e, 0x02, 0xa8, 0x3f, 0xf1,
  0x83, 0xdf, 0x8b, 0xba, 0xd6, 0xa7, 0x3d, 0x45, 0x29, 0x72, 0x67, 0xfd, 0x66, 0x34, 0x77, 0x75,
  0x0d, 0x37, 0x18, 0xc7, 0x77, 0x7f, 0x21, 0x3a, 0xb2, 0xa7, 0x86, 0x5b, 0xac, 0xb4, 0x05, 0xcf,
  0xc8, 0x9d, 0x71, 0x45, 0xca, 0x33, 0xec, 0xbc, 0x27, 0xde, 0xf8, 0xd3, 0x94, 0x67, 0xc8, 0x88,
  0x99, 0x2b, 0x72, 0xe7, 0xfe, 0x5e, 0xda, 0x43, 0xd4, 0x94, 0x00, 0x4e, 0xd4, 0x3a, 0x2f, 0x77,
  0xc9, 0xff, 0x4d, 0x7b, 0x88, 0x50, 0xcd, 0x3a, 0x3d, 0x9a, 0xd8, 0x92, 0xf6, 0x10, 0xb5, 0xd5,
  0xbe, 0x28, 0xed, 0x09, 0xa8, 0x8a, 0xdc, 0xca, 0x97, 0x45, 0x2b, 0x5f, 0x96, 0xf6, 0x14, 0x35,
  0x12, 0xaf, 0xf9, 0x78, 0x54, 0x5f, 0x01, 0x3c, 0x75, 0x56, 0x76, 0x7e, 0x8f, 0x53, 0x23, 0xfb,
  0x1e, 0x8e, 0x46, 0x06, 0xd3, 0x1e, 0x22, 0x93, 0xe6, 0x9c, 0x19, 0x35, 0x4d, 0x4a, 0x7b, 0x88,
  0x28, 0xda, 0xbf, 0x31, 0x1a, 0xee, 0x4f, 0x7b, 0x88, 0x5a, 0x8b, 0xef, 0xfe, 0x5c, 0xfc, 0xe3,
  0x77, 0xa7, 0x3d, 0x45, 0xa9, 0xe6, 0xac, 0xca, 0xd5, 0x2e, 0x80, 0xe3, 0xf8, 0xda, 0xbf, 0x88,
  0xef, 0xf8, 0x74, 0xad, 0x36, 0x57, 0x25, 0xb9, 0xe8, 0xd5, 0x9f, 0xcd, 0x9d, 0xf7, 0x07, 0x29,
  0x4e, 0x10, 0xef, 0xbc, 0x27, 0xbe, 0xe9, 0xc3, 0x29, 0x0e, 0x90, 0x2d, 0x07, 0xb7, 0xe7, 0x2e,
  0x7e, 0x6f, 0xda, 0x43, 0xd4, 0x8e, 0x00, 0x26, 0xa3, 0x9a, 0xde, 0xf0, 0x9d, 0x68, 0xd6, 0x69,
  0x69, 0x4f, 0x01, 0x34, 0xb8, 0xdc, 0x59, 0xaf, 0xcd, 0x9d, 0xf5, 0xda, 0xb4, 0xa7, 0xa8, 0xa9,
  0xfc, 0xa7, 0xcf, 0x8b, 0xf6, 0x6d, 0x48, 0x7b, 0x8a, 0x2c, 0x6a, 0x7a, 0xd3, 0xcf, 0xa2, 0xd6,
  0x39, 0x69, 0x4f, 0x11, 0xe5, 0xaf, 0x7e, 0x4e, 0xb4, 0x67, 0x6d, 0xda, 0x53, 0xd4, 0x54, 0x7d,
  0xd7, 0x6f, 0x4d, 0x35, 0x46, 0xfd, 0x46, 0x51, 0x14, 0xc7, 0x3f, 0xf8, 0xa3, 0x28, 0x8a, 0xd2,
  0x6d, 0x60, 0x9e, 0x10, 0xdf, 0xf8, 0xb7, 0x51, 0x14, 0x85, 0xd3, 0xc0, 0x2e, 0x82, 0x05, 0x00,
  0x40, 0x3a, 0xd4, 0x6f, 0xd1, 0x1a, 0xa6, 0x7e, 0x0b, 0xe2, 0xf8, 0x07, 0x7f, 0x14, 0xdf, 0xf7,
  0xd5, 0xb4, 0xc7, 0xe0, 0x98, 0xf8, 0xc6, 0xbf, 0x8d, 0xd7, 0xfc, 0x7d, 0xda, 0x53, 0xd4, 0x88,
  0x00, 0x06, 0x00, 0x20, 0x05, 0xea, 0xb7, 0x68, 0x0d, 0x56, 0xbf, 0x05, 0x1a, 0x38, 0x5b, 0xc2,
  0x69, 0x60, 0x01, 0x0c, 0x00, 0x40, 0xad, 0xa9, 0xdf, 0xa2, 0x35, 0x64, 0xfd, 0x16, 0x68, 0xe0,
  0x6c, 0x09, 0xa4, 0x81, 0x05, 0x30, 0x00, 0x00, 0x35, 0xa5, 0x7e, 0x8b, 0xd6, 0xc0, 0xf5, 0x5b,
  0xa0, 0x81, 0xb3, 0x25, 0x84, 0x06, 0x16, 0xc0, 0x00, 0x00, 0xd4, 0x8e, 0xfa, 0x2d, 0x5a, 0xc3,
  0xd7, 0x6f, 0x81, 0x06, 0xce, 0x96, 0x86, 0x6f, 0x60, 0x01, 0x0c, 0x00, 0x40, 0x8d, 0xa8, 0xdf,
  0xa2, 0x05, 0x52, 0xbf, 0x05, 0x1a, 0x38, 0x5b, 0x1a, 0xbb, 0x81, 0x05, 0x30, 0x00, 0x00, 0xb5,
  0xa0, 0x7e, 0x8b, 0x16, 0x54, 0xfd, 0x16, 0x68, 0xe0, 0x6c, 0x69, 0xe0, 0x06, 0x16, 0xc0, 0x00,
  0x00, 0x54, 0x9d, 0xfa, 0x2d, 0x5a, 0x80, 0xf5, 0x5b, 0xa0, 0x81, 0xb3, 0xa5, 0x51, 0x1b, 0x58,
  0x00, 0x03, 0x00, 0x50, 0x5d, 0xea, 0xb7, 0x68, 0xc1, 0xd6, 0x6f, 0x81, 0x06, 0xce, 0x96, 0x86,
  0x6c, 0x60, 0x01, 0x0c, 0x00, 0x40, 0x15, 0xa9, 0xdf, 0xa2, 0x05, 0x5e, 0xbf, 0x05, 0x1a, 0x38,
  0x5b, 0x1a, 0xaf, 0x81, 0x05, 0x30, 0x00, 0x00, 0xd5, 0xa2, 0x7e, 0x8b, 0xa6, 0x7e, 0x9f, 0xa0,
  0x81, 0xb3, 0xa5, 0xc1, 0x1a, 0x58, 0x00, 0x03, 0x00, 0x50, 0x15, 0xea, 0xb7, 0x68, 0xea, 0xf7,
  0x04, 0x1a, 0x38, 0x5b, 0x1a, 0xa9, 0x81, 0x05, 0x30, 0x00, 0x00, 0x95, 0xa7, 0x7e, 0x8b, 0xa6,
  0x7e, 0x4f, 0x4a, 0x03, 0x67, 0x4b, 0xc3, 0x34, 0xb0, 0x00, 0x06, 0x00, 0xa0, 0xc2, 0xd4, 0x6f,
  0xd1, 0xd4, 0x6f, 0x02, 0x0d, 0x9c, 0x2d, 0x8d, 0xd1, 0xc0, 0x02, 0x18, 0x00, 0x80, 0x4a, 0x52,
  0xbf, 0x45, 0x53, 0xbf, 0x63, 0xd2, 0xc0, 0xd9, 0xd2, 0x00, 0x0d, 0x2c, 0x80, 0x01, 0x00, 0xa8,
  0x18, 0xf5, 0x5b, 0x34, 0xf5, 0x5b, 0x24, 0x0d, 0x9c, 0x2d, 0xf5, 0xde, 0xc0, 0x02, 0x18, 0x00,
  0x80, 0xca, 0x50, 0xbf, 0x45, 0x53, 0xbf, 0xe3, 0xa2, 0x81, 0xb3, 0xa5, 0xae, 0x1b, 0x58, 0x00,
  0x03, 0x00, 0x50, 0x01, 0xea, 0xb7, 0x68, 0xea, 0xb7, 0x04, 0x1a, 0x38, 0x5b, 0xea, 0xb7, 0x81,
  0x05, 0x30, 0x00, 0x00, 0xe5, 0x52, 0xbf, 0x45, 0x53, 0xbf, 0x25, 0xd3, 0xc0, 0xd9, 0x52, 0xa7,
  0x0d, 0x2c, 0x80, 0x01, 0x00, 0x28, 0x8b, 0xfa, 0x2d, 0x9a, 0xfa, 0x2d, 0x93, 0x06, 0xce, 0x96,
  0x7a, 0x6c, 0x60, 0x01, 0x0c, 0x00, 0x40, 0xe9, 0xd4, 0x6f, 0xd1, 0xd4, 0x6f, 0x45, 0x68, 0xe0,
  0x6c, 0xa9, 0xbb, 0x06, 0x16, 0xc0, 0x00, 0x00, 0x94, 0x48, 0xfd, 0x16, 0x4d, 0xfd, 0x56, 0x90,
  0x06, 0xce, 0x96, 0xfa, 0x6a, 0x60, 0x01, 0x0c, 0x00, 0x40, 0x29, 0xd4, 0x6f, 0xf1, 0xe2, 0x3b,
  0xaf, 0x56, 0xbf, 0x15, 0x15, 0xc7, 0x3f, 0xf8, 0xa3, 0x68, 0xfb, 0xed, 0x69, 0x8f, 0xc1, 0x31,
  0x75, 0xd4, 0xc0, 0x02, 0x18, 0x00, 0x80, 0x71, 0x8b, 0x7f, 0xfd, 0x9f, 0xea, 0x77, 0x1c, 0x0e,
  0xef, 0x4a, 0x7b, 0x82, 0xc6, 0x13, 0xc7, 0x47, 0xf6, 0xa4, 0x3d, 0x03, 0x4f, 0xaa, 0x97, 0x06,
  0x16, 0xc0, 0x00, 0x00, 0x8c, 0xdf, 0xa6, 0x6b, 0xd3, 0x9e, 0x00, 0xc8, 0x96, 0xba, 0x68, 0xe0,
  0x89, 0x69, 0x0f, 0x00, 0x27, 0x17, 0xdf, 0xf0, 0xd7, 0x51, 0xc7, 0x8a, 0xa8, 0x75, 0x6e, 0xd4,
  0x36, 0x37, 0x6a, 0x9d, 0x93, 0x6b, 0x9d, 0x1b, 0xb5, 0xce, 0x89, 0xa6, 0xce, 0x8e, 0x26, 0x4c,
  0x4e, 0x7b, 0x34, 0x00, 0x00, 0xe0, 0x24, 0xe2, 0x1b, 0xff, 0x36, 0x77, 0xe1, 0x3b, 0xa3, 0x96,
  0xe9, 0x69, 0x0f, 0x32, 0x2a, 0x01, 0x4c, 0x46, 0xc5, 0x0f, 0xfd, 0xe0, 0x29, 0x7f, 0x7d, 0xe2,
  0x4f, 0x2d, 0xd3, 0xa3, 0xd6, 0x27, 0x92, 0x78, 0x6e, 0xd4, 0x3a, 0x27, 0x6a, 0x9d, 0x13, 0xb5,
  0xce, 0xcd, 0x3d, 0xfe, 0x87, 0x68, 0xca, 0x8c, 0x28, 0xca, 0xd5, 0x7c, 0x5e, 0x00, 0x80, 0xcc,
  0x98, 0xbe, 0x24, 0x9a, 0xd4, 0x9a, 0xc2, 0x76, 0xfb, 0xf6, 0x45, 0x7d, 0xfb, 0x52, 0xd8, 0x2e,
  0x14, 0x4d, 0x00, 0x27, 0xea, 0xd9, 0x1c, 0x7f, 0xf5, 0xf2, 0xb4, 0x87, 0x18, 0xa7, 0x99, 0x2b,
  0x72, 0x97, 0x7d, 0x32, 0xed, 0x21, 0xaa, 0xa9, 0xff, 0x60, 0xd4, 0x7f, 0x30, 0xda, 0xbf, 0x29,
  0x7e, 0xea, 0x87, 0x9f, 0xfc, 0x6b, 0xd3, 0xc4, 0x42, 0x15, 0xe7, 0x8e, 0xcb, 0xe3, 0xe3, 0x9a,
  0x79, 0x4e, 0xd4, 0x3a, 0x27, 0x9a, 0xd8, 0x52, 0xe3, 0xa9, 0x21, 0x41, 0x7c, 0xfb, 0x27, 0xa3,
  0x47, 0xae, 0x4b, 0x7b, 0x8a, 0xca, 0x88, 0x7b, 0x36, 0xa7, 0x3d, 0x02, 0xc7, 0x19, 0x19, 0x8c,
  0x0e, 0x6e, 0x8b, 0x7b, 0x36, 0x47, 0xdd, 0x9d, 0x51, 0xcf, 0xe6, 0xa8, 0xa7, 0x33, 0xee, 0xd9,
  0x12, 0xed, 0x7f, 0x24, 0xed, 0xb1, 0x80, 0xaa, 0xcb, 0xbd, 0xfa, 0x73, 0xb9, 0xe5, 0x97, 0xd4,
  0x7e, 0xbb, 0xf1, 0x6d, 0x9f, 0x88, 0xaf, 0x7f, 0x5f, 0xed, 0xb7, 0x0b, 0xc5, 0x13, 0xc0, 0x89,
  0x86, 0x7a, 0xe3, 0xce, 0x1b, 0xd2, 0x1e, 0x62, 0x9c, 0xfa, 0xf6, 0x86, 0x7e, 0xf4, 0x33, 0x3f,
  0x1c, 0x1d, 0xde, 0x15, 0x1d, 0xde, 0x15, 0x3f, 0xed, 0x33, 0x4f, 0x7e, 0x64, 0xf2, 0xb4, 0x63,
  0x91, 0xdc, 0xf6, 0x94, 0xc3, 0xc8, 0x51, 0xeb, 0x9c, 0xdc, 0xb1, 0xc3, 0xc8, 0x33, 0xa3, 0x9c,
  0x77, 0xc8, 0x53, 0x2b, 0x7b, 0x1f, 0xaa, 0xbf, 0x97, 0x1a, 0xb2, 0xe6, 0x68, 0x4f, 0xd4, 0xb3,
  0x39, 0xee, 0xd9, 0x1c, 0xf5, 0x74, 0x46, 0x3d, 0x9b, 0xa3, 0xee, 0xce, 0xb8, 0x67, 0x73, 0x74,
  0x68, 0x47, 0x14, 0xe7, 0xd3, 0x9e, 0x0c, 0x20, 0x74, 0xb9, 0x97, 0x7e, 0x28, 0xb7, 0xea, 0xca,
  0x14, 0x07, 0xc8, 0xff, 0xf0, 0x9d, 0xd1, 0xb6, 0xdb, 0x52, 0x1c, 0x20, 0x53, 0x04, 0x30, 0x41,
  0x1a, 0x3c, 0x1c, 0x0d, 0x1e, 0x8e, 0x7a, 0x3a, 0x47, 0x8d, 0xe4, 0x5c, 0x53, 0x34, 0x75, 0xf6,
  0x53, 0xce, 0xac, 0x3e, 0xf6, 0x87, 0x39, 0xb9, 0xb6, 0x79, 0xc7, 0xfe, 0x9c, 0xca, 0x99, 0x45,
  0xc0, 0xf1, 0x66, 0xae, 0xcc, 0x2d, 0x7e, 0x76, 0xda, 0x43, 0xd4, 0x56, 0x7e, 0x38, 0x3a, 0xb4,
  0xe3, 0xb8, 0x83, 0xba, 0x9b, 0xe3, 0x42, 0xf1, 0xf6, 0x1f, 0x4c, 0x7b, 0x32, 0x00, 0x46, 0xd1,
  0x36, 0x2f, 0x9a, 0x75, 0x5a, 0x8a, 0xdb, 0xcf, 0x4d, 0x6a, 0x7d, 0xfa, 0x4e, 0x6f, 0xb0, 0x04,
  0x30, 0x9c, 0x4c, 0x9c, 0x8f, 0x7a, 0xbb, 0xa2, 0xde, 0xae, 0xa4, 0xc3, 0xc8, 0x93, 0xa6, 0x3e,
  0xed, 0x5c, 0xeb, 0x79, 0x8f, 0x7f, 0x64, 0x4e, 0xd4, 0x3a, 0x37, 0x9a, 0x3a, 0x2b, 0x6a, 0xf2,
  0x2d, 0x06, 0xd5, 0x92, 0x5b, 0x75, 0x45, 0xee, 0x35, 0x9f, 0x8f, 0x9a, 0xb3, 0x7b, 0x99, 0x8d,
  0x72, 0x0d, 0x1c, 0x8a, 0x7a, 0xb6, 0x3c, 0x79, 0x50, 0xb7, 0x67, 0x73, 0xdc, 0xdd, 0x19, 0x1d,
  0xdc, 0x16, 0xe5, 0x87, 0xd3, 0x9e, 0x0c, 0xd2, 0x30, 0xff, 0x19, 0xd1, 0xc4, 0xe6, 0xb4, 0x87,
  0x38, 0x99, 0x29, 0x33, 0xd3, 0x9e, 0x00, 0x18, 0x07, 0x7b, 0xe7, 0x50, 0xaa, 0xa1, 0xbe, 0xe8,
  0xc0, 0xd6, 0xe8, 0xc0, 0xd6, 0xa4, 0x48, 0x9e, 0x32, 0xf3, 0xd8, 0x99, 0xd5, 0x6d, 0x27, 0xbd,
  0x64, 0xd7, 0x9c, 0xa8, 0xb9, 0xdd, 0x25, 0xbb, 0x60, 0xdc, 0x72, 0x4d, 0xb9, 0x97, 0x7c, 0x30,
  0xf7, 0xfc, 0xab, 0x1a, 0xe4, 0xdb, 0x27, 0xce, 0x47, 0x87, 0x77, 0x45, 0x3d, 0x9d, 0x4f, 0x1c,
  0xd7, 0x3d, 0x76, 0x50, 0xb7, 0x6f, 0x7f, 0xda, 0x93, 0x41, 0x86, 0x34, 0xbd, 0xe1, 0x7f, 0xa2,
  0xf6, 0x45, 0x69, 0x4f, 0x01, 0xd4, 0x3d, 0x01, 0x0c, 0xd5, 0x74, 0xb4, 0x3b, 0x3a, 0xda, 0x1d,
  0xed, 0x7b, 0x78, 0xd4, 0x4b, 0x76, 0x4d, 0x68, 0x3e, 0xf1, 0x30, 0xf2, 0xbc, 0xb3, 0x73, 0xe7,
  0xfe, 0x5e, 0x8d, 0xc7, 0x84, 0x7a, 0x32, 0x75, 0x76, 0xee, 0xb7, 0xbf, 0x9a, 0xca, 0xc5, 0x5d,
  0x2a, 0x60, 0xa8, 0x2f, 0x3a, 0xb0, 0x25, 0xee, 0xee, 0x8c, 0x7a, 0xb6, 0x14, 0x8e, 0xeb, 0xc6,
  0xdd, 0x9d, 0xd1, 0x81, 0x2d, 0xd1, 0xc8, 0x60, 0xda, 0x93, 0x01, 0x40, 0x10, 0x04, 0x30, 0xa4,
  0x6a, 0x64, 0x20, 0x3a, 0xb4, 0x23, 0x3a, 0xb4, 0xe3, 0xc9, 0x24, 0x5e, 0x74, 0xa1, 0x00, 0x86,
  0x51, 0x2d, 0x7e, 0x76, 0xd3, 0xef, 0x7c, 0xa3, 0x1e, 0x8e, 0x02, 0xc5, 0xd1, 0x91, 0xae, 0x63,
  0x07, 0x75, 0x9f, 0xb8, 0x24, 0x55, 0x4f, 0x67, 0x74, 0x64, 0x4f, 0xda, 0x83, 0x01, 0x40, 0xd0,
  0x04, 0x30, 0x00, 0xf5, 0x21, 0xf7, 0xec, 0x77, 0xe5, 0x5e, 0xfe, 0xb1, 0x68, 0xc2, 0xe4, 0xb4,
  0x07, 0x79, 0xaa, 0x91, 0x81, 0xe8, 0xc0, 0xd6, 0xf8, 0xf1, 0xfb, 0x0c, 0x3d, 0xfe, 0xae, 0xdd,
  0xcd, 0xd1, 0x50, 0x5f, 0xda, 0x93, 0x01, 0x00, 0x27, 0x12, 0xc0, 0x00, 0x64, 0xde, 0xa4, 0xa9,
  0xb9, 0x2b, 0x3e, 0x9d, 0x3b, 0xe7, 0xf5, 0xa9, 0x0e, 0x11, 0x47, 0x7d, 0xdd, 0x4f, 0xbe, 0x41,
  0xb7, 0xfb, 0xf1, 0xa3, 0xbb, 0x87, 0x1e, 0x3b, 0xfe, 0x6d, 0x0d, 0x00, 0x40, 0x96, 0x09, 0x60,
  0x00, 0xb2, 0x6d, 0xe6, 0xca, 0xa6, 0xdf, 0xfd, 0xaf, 0x68, 0xee, 0xd9, 0xb5, 0xdb, 0x62, 0x7e,
  0x28, 0x3a, 0xb8, 0xfd, 0xb8, 0x5b, 0x0d, 0x15, 0x5a, 0x77, 0x4b, 0x34, 0x70, 0xa8, 0x76, 0x33,
  0x00, 0x00, 0x55, 0x20, 0x80, 0x01, 0xc8, 0xae, 0xaa, 0xdf, 0xeb, 0xa8, 0xff, 0x60, 0xd4, 0xb3,
  0xf9, 0xc9, 0x5b, 0x0d, 0x15, 0x8e, 0xeb, 0x1e, 0xdc, 0x1e, 0xc5, 0x23, 0xd5, 0xda, 0x22, 0x00,
  0x90, 0x1e, 0x01, 0x0c, 0x40, 0x26, 0x55, 0xff, 0x5e, 0x47, 0xf1, 0xa3, 0xd7, 0xc7, 0x5f, 0xbb,
  0xb2, 0x4a, 0x2b, 0x07, 0x00, 0x32, 0x48, 0x00, 0x03, 0x90, 0x3d, 0xb5, 0xb9, 0xd7, 0x51, 0xec,
  0xbd, 0xbb, 0x00, 0x10, 0x96, 0xa6, 0xb4, 0x07, 0x00, 0x80, 0xa7, 0x19, 0x19, 0x8a, 0x86, 0x8f,
  0xa6, 0x3d, 0x04, 0x00, 0xd0, 0x68, 0x04, 0x30, 0x00, 0xd9, 0x33, 0x70, 0x30, 0xfe, 0xc6, 0x6f,
  0xc5, 0x37, 0x7f, 0x34, 0x8a, 0xf3, 0x69, 0x8f, 0x02, 0x00, 0x34, 0x0e, 0x01, 0x0c, 0x40, 0x36,
  0xc5, 0xf1, 0x2f, 0x3e, 0x18, 0xff, 0xf7, 0xeb, 0x5d, 0x7b, 0x19, 0x00, 0xa8, 0x14, 0x01, 0x0c,
  0x40, 0x76, 0xc5, 0x1b, 0xae, 0xc9, 0x7f, 0xfe, 0xe2, 0x68, 0xdf, 0x86, 0xb4, 0x07, 0x01, 0x00,
  0x1a, 0x81, 0x00, 0x06, 0x20, 0xdb, 0xf6, 0x6f, 0xcc, 0x7f, 0xfe, 0xe2, 0xf8, 0xe1, 0x6b, 0xd2,
  0x9e, 0x03, 0x00, 0xa8, 0x7b, 0x02, 0x18, 0x80, 0xcc, 0x1b, 0x3c, 0x1c, 0xff, 0xf7, 0xeb, 0xe2,
  0x5f, 0x7c, 0xc0, 0xed, 0x79, 0x01, 0x80, 0x72, 0x08, 0x60, 0x00, 0xea, 0x43, 0x7c, 0xf3, 0xc7,
  0xe2, 0x6f, 0xfc, 0x56, 0xd4, 0x7f, 0x20, 0xed, 0x41, 0x00, 0x80, 0x7a, 0x25, 0x80, 0x01, 0xa8,
  0x1b, 0xf1, 0x23, 0x3f, 0xcb, 0x7f, 0xee, 0xf9, 0x51, 0xd7, 0xfa, 0xb4, 0x07, 0x01, 0x00, 0xea,
  0x92, 0x00, 0x06, 0xa0, 0xae, 0xf4, 0x74, 0xe6, 0xbf, 0xf0, 0xc2, 0x78, 0xfd, 0xff, 0xa4, 0x3d,
  0x07, 0x00, 0x50, 0x7f, 0x04, 0x30, 0x00, 0xf5, 0x66, 0xa8, 0x2f, 0xfe, 0xce, 0x1b, 0xe3, 0x9f,
  0xbf, 0x3f, 0xca, 0x0f, 0xa7, 0x3d, 0x0a, 0x00, 0x50, 0x4f, 0x04, 0x30, 0x00, 0x75, 0x29, 0xbe,
  0xf5, 0x9f, 0xe3, 0xaf, 0xbf, 0x3a, 0x3a, 0xda, 0x9d, 0xf6, 0x20, 0x00, 0x40, 0xdd, 0x10, 0xc0,
  0x00, 0xd4, 0xab, 0xb8, 0xf3, 0xc6, 0xfc, 0xe7, 0x2e, 0x8a, 0x76, 0xdf, 0x9f, 0xf6, 0x20, 0x00,
  0x40, 0x7d, 0x98, 0x98, 0xf6, 0x00, 0xd4, 0x8d, 0xdc, 0x25, 0xef, 0x8f, 0xce, 0x79, 0x5d, 0xd4,
  0xbb, 0x37, 0xea, 0xdd, 0x1b, 0xf5, 0x76, 0x15, 0xfe, 0x10, 0x17, 0xfe, 0x70, 0xa4, 0x2b, 0xca,
  0x0f, 0xa5, 0x3d, 0x20, 0x10, 0xa4, 0x03, 0x5b, 0xf3, 0x5f, 0xbc, 0x24, 0x77, 0xc5, 0x67, 0x72,
  0xe7, 0xbe, 0x21, 0xed, 0x51, 0x38, 0x4e, 0x6e, 0x42, 0x34, 0x63, 0x69, 0x6e, 0xee, 0xea, 0xb4,
  0xe7, 0x00, 0x80, 0xa7, 0x10, 0xc0, 0x14, 0xad, 0x63, 0x45, 0xae, 0x63, 0xc5, 0x09, 0x1f, 0xcb,
  0x1d, 0xfb, 0xff, 0x38, 0xea, 0x3f, 0x54, 0xa8, 0xe2, 0xf8, 0xb8, 0x3c, 0x8e, 0x7a, 0xbb, 0x8e,
  0x15, 0x72, 0x6f, 0x57, 0x74, 0xb4, 0xa7, 0xd6, 0x03, 0x03, 0x81, 0x18, 0xee, 0x8f, 0xbf, 0xf7,
  0xd6, 0x68, 0xe7, 0xbd, 0xb9, 0x97, 0x7f, 0x24, 0x6a, 0x9a, 0x94, 0xf6, 0x34, 0xe1, 0x69, 0x6e,
  0x8f, 0x3a, 0x96, 0xe7, 0x3a, 0x96, 0x47, 0x33, 0x57, 0x44, 0x1d, 0xcb, 0xa3, 0x8e, 0x15, 0xb9,
  0x8e, 0xe5, 0xd1, 0xf4, 0xc5, 0xfe, 0x2d, 0x00, 0xc8, 0x20, 0x01, 0x4c, 0x45, 0xe4, 0xa2, 0x96,
  0xe9, 0x51, 0xcb, 0xf4, 0x68, 0xd6, 0x69, 0xb9, 0x13, 0x3f, 0xf1, 0xb8, 0xfc, 0x50, 0xd4, 0xb7,
  0x3f, 0xea, 0xed, 0x8a, 0x0b, 0x6d, 0x7c, 0xa4, 0xeb, 0xc4, 0xc3, 0xc8, 0xbd, 0x5d, 0xd1, 0x70,
  0x7f, 0x8d, 0xe7, 0x06, 0x1a, 0x46, 0x7c, 0xc7, 0xbf, 0x45, 0xfd, 0x07, 0x72, 0xaf, 0xf9, 0x7c,
  0xda, 0x83, 0x34, 0xb0, 0x5c, 0x34, 0x7d, 0x71, 0xae, 0x63, 0x79, 0xa1, 0x72, 0xa3, 0x8e, 0xe5,
  0xb9, 0x42, 0xf1, 0x4e, 0xe9, 0x38, 0xfe, 0xc5, 0x1e, 0x00, 0xb2, 0x4c, 0x00, 0x53, 0x2b, 0x4d,
  0x93, 0xa2, 0xb6, 0xf9, 0x51, 0xdb, 0xfc, 0xa7, 0xef, 0x25, 0x3d, 0x79, 0x18, 0x79, 0xb0, 0xf7,
  0xa9, 0xc7, 0x8d, 0x9f, 0x3c, 0xdd, 0xfa, 0xd8, 0x81, 0xe5, 0xbe, 0xfd, 0x51, 0x9c, 0xaf, 0xed,
  0xdc, 0x40, 0xfd, 0x38, 0xf4, 0x58, 0xda, 0x13, 0x34, 0x8a, 0x49, 0x53, 0x8f, 0x1d, 0xc8, 0x9d,
  0x59, 0xc8, 0xdd, 0xe5, 0xb9, 0x8e, 0x15, 0xd1, 0x8c, 0xa5, 0xd1, 0x84, 0xe6, 0xb4, 0x27, 0x03,
  0x80, 0xb2, 0x08, 0xe0, 0x44, 0x2d, 0xd3, 0x73, 0x67, 0xbe, 0x26, 0xed, 0x21, 0xc6, 0x69, 0xfa,
  0x92, 0xb4, 0x27, 0x28, 0x59, 0x2e, 0x9a, 0xdc, 0x16, 0x4d, 0x6e, 0x8b, 0x3a, 0x96, 0x8f, 0x1a,
  0xc9, 0xf1, 0x48, 0xd4, 0xd7, 0xfd, 0xe4, 0x61, 0xe4, 0x93, 0x9c, 0x6b, 0xbd, 0x37, 0x1a, 0x3c,
  0x52, 0xe3, 0xb9, 0xa1, 0x5c, 0x4b, 0x2f, 0xca, 0x45, 0x71, 0xda, 0x43, 0x54, 0xc1, 0x50, 0x5f,
  0xfc, 0xc0, 0xb7, 0xd3, 0x1e, 0x82, 0xb1, 0x4c, 0x5b, 0x70, 0xec, 0x04, 0xe6, 0xe3, 0x0f, 0xea,
  0xb6, 0xce, 0x71, 0x50, 0x17, 0x80, 0x86, 0x24, 0x80, 0x13, 0xb5, 0x2f, 0xc9, 0x5d, 0x79, 0x75,
  0xda, 0x43, 0x70, 0x9c, 0xdc, 0x84, 0xa8, 0x75, 0x4e, 0xd4, 0x3a, 0x67, 0xf4, 0xc3, 0xc8, 0x51,
  0x34, 0xd4, 0x17, 0xf5, 0xed, 0x7b, 0xca, 0x05, 0xba, 0x9e, 0x3c, 0xd7, 0xfa, 0xf1, 0x66, 0x8e,
  0x47, 0x6a, 0x39, 0x75, 0xc3, 0x8a, 0xf3, 0xd9, 0xb9, 0x03, 0x4d, 0x3c, 0x70, 0x30, 0xed, 0x11,
  0x4a, 0x97, 0x3b, 0xef, 0x0f, 0xa2, 0xf3, 0xfe, 0x20, 0xed, 0x29, 0xaa, 0xe0, 0xc8, 0x6e, 0x01,
  0x9c, 0x21, 0x13, 0x9a, 0x8f, 0x7b, 0xa7, 0xee, 0xb2, 0xc7, 0x0f, 0xea, 0x9e, 0x12, 0x4d, 0x9a,
  0x9a, 0xf6, 0x64, 0x00, 0x50, 0x3b, 0x02, 0x98, 0x86, 0x33, 0x69, 0x6a, 0x34, 0x7d, 0x69, 0x34,
  0x7d, 0xe9, 0xe8, 0x87, 0x91, 0xf3, 0x51, 0xff, 0xc1, 0xa8, 0xb7, 0xeb, 0xf1, 0x23, 0xc9, 0xc7,
  0x1f, 0x46, 0x2e, 0x04, 0xf3, 0xde, 0xa8, 0x9e, 0x6b, 0xaa, 0x76, 0xfa, 0x0f, 0xe4, 0x3f, 0xbe,
  0x28, 0xed, 0x21, 0x80, 0xa7, 0x69, 0x9d, 0x73, 0x92, 0x83, 0xba, 0x6d, 0xf3, 0xa3, 0x9c, 0x7b,
  0x1f, 0x02, 0x10, 0x3a, 0x01, 0x4c, 0x78, 0x72, 0x4d, 0xd1, 0x94, 0x8e, 0x68, 0x4a, 0x47, 0x34,
  0xfb, 0x8c, 0x51, 0x2f, 0xd9, 0x35, 0x32, 0x10, 0xf5, 0x3e, 0x71, 0x18, 0xb9, 0x2b, 0xfe, 0xfe,
  0xdb, 0x6b, 0x3c, 0x23, 0xc0, 0xd8, 0x9a, 0x26, 0x45, 0x33, 0x4e, 0x39, 0xee, 0xf2, 0xcb, 0x85,
  0xe8, 0x5d, 0x16, 0x4d, 0x9e, 0x96, 0xf6, 0x64, 0x00, 0x90, 0x51, 0x02, 0x18, 0x4e, 0x66, 0x42,
  0x73, 0xd4, 0xbe, 0x28, 0x6a, 0x5f, 0x54, 0x48, 0x62, 0x01, 0xcc, 0x89, 0xa6, 0x2d, 0x48, 0x7b,
  0x02, 0x02, 0xd3, 0x32, 0x23, 0x9a, 0xb9, 0xe2, 0x89, 0x83, 0xba, 0xc7, 0x8e, 0xeb, 0xb6, 0x2f,
  0x8a, 0x72, 0x13, 0xd2, 0x9e, 0x0c, 0x00, 0xea, 0x89, 0x00, 0x06, 0x18, 0x9f, 0xdc, 0xf9, 0x6f,
  0xcd, 0x3d, 0xef, 0xdd, 0x69, 0x4f, 0x41, 0x83, 0xca, 0x35, 0x45, 0xd3, 0x97, 0x1e, 0xbb, 0xd5,
  0xd0, 0xcc, 0x15, 0xc7, 0xde, 0xa9, 0xdb, 0xb1, 0x2c, 0x6a, 0x99, 0x91, 0xf6, 0x64, 0x00, 0xd0,
  0x08, 0x04, 0x30, 0xc0, 0x38, 0xe4, 0xce, 0x7f, 0x6b, 0xee, 0xf2, 0x4f, 0x79, 0x2f, 0x25, 0x15,
  0x30, 0x79, 0x5a, 0x34, 0x73, 0xf9, 0x89, 0x07, 0x75, 0xa7, 0x2f, 0x89, 0x9a, 0x26, 0xa5, 0x3d,
  0x19, 0x00, 0x34, 0x2c, 0x01, 0x0c, 0x50, 0x2c, 0xf5, 0x4b, 0x59, 0x16, 0x9e, 0x9f, 0x5b, 0x75,
  0xe5, 0xe3, 0x07, 0x75, 0x97, 0x47, 0x53, 0x67, 0xba, 0xd5, 0x10, 0x00, 0xd4, 0x98, 0x00, 0x06,
  0x28, 0x8a, 0xfa, 0xa5, 0x4c, 0xb9, 0xd3, 0x5e, 0x95, 0xbb, 0xf8, 0xbd, 0x69, 0x4f, 0x01, 0x00,
  0x41, 0xb3, 0x27, 0x07, 0x30, 0x36, 0xf5, 0x0b, 0x00, 0xd0, 0x00, 0xec, 0xcc, 0x01, 0x8c, 0x41,
  0xfd, 0x02, 0x00, 0x34, 0x06, 0xfb, 0x73, 0x00, 0x49, 0xd4, 0x2f, 0x00, 0x40, 0xc3, 0xb0, 0x4b,
  0x07, 0x30, 0x2a, 0xf5, 0x0b, 0x00, 0xd0, 0x48, 0xec, 0xd5, 0x01, 0x9c, 0x9c, 0xfa, 0x05, 0x00,
  0x68, 0x30, 0x76, 0xec, 0x00, 0x4e, 0x42, 0xfd, 0x02, 0x00, 0x34, 0x1e, 0xfb, 0x76, 0x00, 0x27,
  0x52, 0xbf, 0x00, 0x00, 0x0d, 0xc9, 0xee, 0x1d, 0xc0, 0x53, 0xa8, 0x5f, 0x00, 0x80, 0x46, 0x65,
  0x0f, 0x0f, 0xe0, 0x49, 0xea, 0x17, 0x00, 0xa0, 0x81, 0xd9, 0xc9, 0x03, 0x38, 0x46, 0xfd, 0x02,
  0x00, 0x34, 0x36, 0xfb, 0x79, 0x00, 0x51, 0xa4, 0x7e, 0x01, 0x00, 0x02, 0x60, 0x57, 0x0f, 0x40,
  0xfd, 0x02, 0x00, 0x04, 0xc1, 0xde, 0x1e, 0x10, 0x3a, 0xf5, 0x0b, 0x00, 0x10, 0x08, 0x3b, 0x7c,
  0x40, 0xd0, 0xd4, 0x2f, 0x00, 0x40, 0x38, 0xec, 0xf3, 0x01, 0xe1, 0x52, 0xbf, 0x00, 0x00, 0x41,
  0xb1, 0xdb, 0x07, 0x04, 0x4a, 0xfd, 0x02, 0x00, 0x84, 0xc6, 0x9e, 0x1f, 0x10, 0x22, 0xf5, 0x0b,
  0x00, 0x10, 0x20, 0x3b, 0x7f, 0x40, 0x70, 0xd4, 0x2f, 0x00, 0x40, 0x98, 0xec, 0xff, 0x01, 0x61,
  0x51, 0xbf, 0x00, 0x00, 0xc1, 0xb2, 0x0b, 0x08, 0x04, 0x44, 0xfd, 0x02, 0x00, 0x84, 0xcc, 0x5e,
  0x20, 0x10, 0x0a, 0xf5, 0x0b, 0x00, 0x10, 0x38, 0x3b, 0x82, 0x40, 0x10, 0xd4, 0x2f, 0x00, 0x00,
  0x13, 0xd3, 0x1e, 0x00, 0xa8, 0x5b, 0x93, 0xa7, 0xe5, 0x5e, 0xff, 0xdf, 0x69, 0x0f, 0x51, 0x9c,
  0xdc, 0x84, 0xdc, 0x29, 0x2f, 0x50, 0xbf, 0x00, 0x00, 0x81, 0x13, 0xc0, 0x8c, 0x4f, 0xfc, 0xeb,
  0x2f, 0xc7, 0x6b, 0x3e, 0x9e, 0xf6, 0x14, 0x64, 0xc3, 0x84, 0x49, 0xb9, 0xe5, 0x2f, 0x4e, 0x7b,
  0x08, 0xa8, 0x1b, 0xf1, 0x1d, 0xff, 0x16, 0xaf, 0xfd, 0x46, 0xda, 0x53, 0xd4, 0xd6, 0xe4, 0xb6,
  0xa6, 0x77, 0xde, 0x99, 0xf6, 0x10, 0xc5, 0xca, 0x7f, 0xfe, 0xf9, 0x51, 0x53, 0x06, 0xf6, 0x8b,
  0x0e, 0xee, 0x48, 0x7b, 0x02, 0x80, 0x46, 0x96, 0x81, 0x17, 0xfa, 0x2c, 0x3b, 0xbc, 0x33, 0xbe,
  0xee, 0xaf, 0xd2, 0x1e, 0xa2, 0x3a, 0x26, 0x36, 0xe7, 0x2e, 0xfd, 0x40, 0x29, 0x0f, 0xec, 0x3f,
  0x14, 0xf5, 0x6c, 0xae, 0xf4, 0x34, 0xd0, 0x98, 0xe2, 0xbb, 0x3f, 0x17, 0x75, 0x77, 0xa6, 0x3d,
  0x45, 0x7a, 0x06, 0x7b, 0xd3, 0x9e, 0x20, 0x63, 0xfa, 0x0f, 0x46, 0xfd, 0x07, 0xd3, 0x1e, 0xa2,
  0xb6, 0x9a, 0xdb, 0xd3, 0x9e, 0x60, 0x3c, 0x0e, 0x6e, 0x4f, 0x7b, 0x02, 0xa0, 0x41, 0xad, 0xfb,
  0x56, 0xbc, 0xe7, 0x81, 0x14, 0xb7, 0x1f, 0xef, 0xdb, 0x90, 0xe2, 0xd6, 0xb3, 0x46, 0x00, 0x27,
  0x3a, 0xda, 0x1d, 0xdf, 0xfe, 0xaf, 0x69, 0x0f, 0x51, 0x1d, 0x93, 0xa7, 0x95, 0x18, 0xc0, 0x40,
  0xf1, 0xd6, 0xff, 0x4f, 0xbc, 0xe5, 0xe6, 0xb4, 0x87, 0x00, 0x20, 0x3c, 0x5d, 0x0f, 0x44, 0x13,
  0x26, 0xa7, 0xb0, 0xdd, 0x9e, 0x2d, 0x29, 0x6c, 0x34, 0xf3, 0xe2, 0x47, 0xaf, 0x8f, 0x1e, 0xbd,
  0x3e, 0xed, 0x29, 0x38, 0x46, 0x00, 0x03, 0x00, 0x40, 0x43, 0x89, 0xaf, 0xfd, 0x8b, 0x38, 0xed,
  0x19, 0x20, 0x9b, 0x5c, 0x12, 0x06, 0x00, 0x00, 0x80, 0x4a, 0x98, 0x3a, 0x3b, 0x9a, 0x98, 0xc6,
  0xd9, 0x07, 0x45, 0x13, 0xc0, 0x00, 0x00, 0x41, 0x9a, 0x7f, 0x4e, 0xda, 0x13, 0x00, 0x8d, 0x65,
  0xea, 0xec, 0xa6, 0x37, 0xff, 0x2c, 0x9a, 0x38, 0x25, 0xed, 0x39, 0x92, 0x08, 0x60, 0xc8, 0x96,
  0xdc, 0xe4, 0xd6, 0xb4, 0x47, 0x80, 0xba, 0x35, 0x69, 0x6a, 0xda, 0x13, 0x40, 0xfd, 0x58, 0xf0,
  0xcc, 0xa6, 0x37, 0x5e, 0x93, 0xf6, 0x10, 0x40, 0x03, 0x29, 0xd4, 0xef, 0x9c, 0xb3, 0xd2, 0x9e,
  0x63, 0x0c, 0x02, 0x18, 0xb2, 0x64, 0xc6, 0xb2, 0xdc, 0xab, 0x3f, 0x9b, 0xf6, 0x10, 0x50, 0x9f,
  0x66, 0x9d, 0x96, 0xbb, 0xe2, 0xdf, 0xd2, 0x1e, 0x02, 0xea, 0xc4, 0x82, 0x67, 0x36, 0xfd, 0xe1,
  0x4f, 0xa2, 0x96, 0x19, 0x69, 0xcf, 0x11, 0x90, 0xdc, 0xaa, 0x2b, 0xa2, 0xc9, 0xd3, 0xd2, 0x9e,
  0xa2, 0xb1, 0x74, 0xac, 0xc8, 0x2d, 0x7e, 0x4e, 0xda, 0x43, 0xf0, 0xb8, 0x3a, 0xa9, 0xdf, 0x48,
  0x00, 0x43, 0x86, 0xcc, 0x58, 0xd6, 0xf4, 0xe6, 0x9f, 0x45, 0xd3, 0x97, 0xa6, 0x3d, 0x07, 0xd4,
  0xa1, 0x59, 0xa7, 0x35, 0xbd, 0xf9, 0xba, 0xa8, 0x6d, 0x7e, 0xda, 0x73, 0x40, 0x3d, 0x50, 0xbf,
  0xa9, 0x58, 0x74, 0x61, 0xd3, 0x1b, 0x7f, 0xa8, 0x81, 0x2b, 0xa6, 0x63, 0x45, 0xd3, 0x9b, 0xaf,
  0x8b, 0xa6, 0x2d, 0x48, 0x7b, 0x0e, 0xa2, 0x28, 0xaa, 0xa7, 0xfa, 0x8d, 0x04, 0x30, 0x64, 0x85,
  0xfa, 0x85, 0x92, 0xa9, 0x5f, 0x28, 0x9e, 0xfa, 0x4d, 0xd1, 0x92, 0xe7, 0x6a, 0xe0, 0xca, 0x28,
  0xd4, 0x6f, 0xfb, 0xa2, 0xb4, 0xe7, 0x20, 0x8a, 0xa2, 0x3a, 0xab, 0xdf, 0x48, 0x00, 0x43, 0x26,
  0xa8, 0x5f, 0x28, 0x99, 0xfa, 0x85, 0xe2, 0xa9, 0xdf, 0xd4, 0x69, 0xe0, 0xf2, 0xa9, 0xdf, 0x4c,
  0xa9, 0xb7, 0xfa, 0x8d, 0x04, 0x30, 0xa4, 0x4f, 0xfd, 0x42, 0xc9, 0xd4, 0x2f, 0x14, 0x4f, 0xfd,
  0x66, 0x84, 0x06, 0x2e, 0x87, 0xfa, 0xcd, 0x94, 0x3a, 0xac, 0xdf, 0x48, 0x00, 0x43, 0xca, 0xd4,
  0x2f, 0x94, 0x4c, 0xfd, 0x42, 0xf1, 0xd4, 0x6f, 0xa6, 0x68, 0xe0, 0xd2, 0xa8, 0xdf, 0x4c, 0xa9,
  0xcf, 0xfa, 0x8d, 0x04, 0x30, 0xa4, 0x49, 0xfd, 0x42, 0xc9, 0xd4, 0x2f, 0x14, 0x4f, 0xfd, 0x66,
  0x90, 0x06, 0x1e, 0x2f, 0xf5, 0x9b, 0x29, 0x75, 0x5b, 0xbf, 0x91, 0x00, 0x86, 0xd4, 0xa8, 0x5f,
  0x28, 0x99, 0xfa, 0x85, 0xe2, 0xa9, 0xdf, 0xcc, 0xd2, 0xc0, 0xc5, 0x53, 0xbf, 0x99, 0x52, 0xcf,
  0xf5, 0x1b, 0x09, 0x60, 0x48, 0x87, 0xfa, 0x85, 0x92, 0xa9, 0x5f, 0x28, 0x9e, 0xfa, 0xcd, 0x38,
  0x0d, 0x5c, 0x0c, 0xf5, 0x9b, 0x29, 0x75, 0x5e, 0xbf, 0x91, 0x00, 0x86, 0x14, 0xa8, 0x5f, 0x28,
  0x99, 0xfa, 0x85, 0xe2, 0xa9, 0xdf, 0xba, 0xa0, 0x81, 0x93, 0xa9, 0xdf, 0x4c, 0xa9, 0xff, 0xfa,
  0x8d, 0x04, 0x30, 0xd4, 0x9a, 0xfa, 0x85, 0x92, 0xa9, 0x5f, 0x28, 0x9e, 0xfa, 0xad, 0x23, 0x1a,
  0x78, 0x34, 0xea, 0x37, 0x53, 0x1a, 0xa2, 0x7e, 0x23, 0x01, 0x0c, 0x35, 0xa5, 0x7e, 0xa1, 0x64,
  0xea, 0x17, 0x8a, 0xa7, 0x7e, 0xeb, 0x8e, 0x06, 0x7e, 0x3a, 0xf5, 0x9b, 0x29, 0x8d, 0x52, 0xbf,
  0x91, 0x00, 0x86, 0xda, 0x51, 0xbf, 0x50, 0x32, 0xf5, 0x0b, 0xc5, 0x53, 0xbf, 0x75, 0x4a, 0x03,
  0x1f, 0x4f, 0xfd, 0x66, 0x4a, 0x03, 0xd5, 0x6f, 0x24, 0x80, 0xa1, 0x46, 0xd4, 0x2f, 0x94, 0x4c,
  0xfd, 0x42, 0xf1, 0xd4, 0x6f, 0x5d, 0xd3, 0xc0, 0x05, 0xea, 0x37, 0x53, 0x1a, 0xab, 0x7e, 0x23,
  0x01, 0x0c, 0xb5, 0xa0, 0x7e, 0xa1, 0x64, 0xea, 0x17, 0x8a, 0xa7, 0x7e, 0x1b, 0x80, 0x06, 0x56,
  0xbf, 0x99, 0xd2, 0x70, 0xf5, 0x1b, 0x09, 0x60, 0xa8, 0x3a, 0xf5, 0x0b, 0x25, 0x53, 0xbf, 0x50,
  0x3c, 0xf5, 0xdb, 0x30, 0x42, 0x6e, 0x60, 0xf5, 0x9b, 0x29, 0x8d, 0x58, 0xbf, 0x91, 0x00, 0x86,
  0xea, 0x52, 0xbf, 0x50, 0x32, 0xf5, 0x0b, 0xc5, 0x53, 0xbf, 0x0d, 0x26, 0xcc, 0x06, 0x56, 0xbf,
  0x99, 0xd2, 0xa0, 0xf5, 0x1b, 0x09, 0x60, 0xa8, 0x22, 0xf5, 0x0b, 0x25, 0x53, 0xbf, 0x50, 0x3c,
  0xf5, 0xdb, 0x90, 0x42, 0x6b, 0x60, 0xf5, 0x9b, 0x29, 0x8d, 0x5b, 0xbf, 0x91, 0x00, 0x86, 0x6a,
  0x51, 0xbf, 0x50, 0x32, 0xf5, 0x0b, 0xc5, 0x53, 0xbf, 0x0d, 0x2c, 0x9c, 0x06, 0x56, 0xbf, 0x99,
  0xd2, 0xd0, 0xf5, 0x1b, 0x09, 0x60, 0xa8, 0x0a, 0xf5, 0x0b, 0x25, 0x53, 0xbf, 0x50, 0x3c, 0xf5,
  0xdb, 0xf0, 0x42, 0x68, 0x60, 0xf5, 0x9b, 0x29, 0x8d, 0x5e, 0xbf, 0x91, 0x00, 0x86, 0xca, 0x53,
  0xbf, 0x50, 0x32, 0xf5, 0x0b, 0xc5, 0x53, 0xbf, 0x81, 0x68, 0xec, 0x06, 0x56, 0xbf, 0x99, 0x12,
  0x40, 0xfd, 0x46, 0x02, 0x18, 0x2a, 0x4c, 0xfd, 0x42, 0xc9, 0xd4, 0x2f, 0x14, 0x4f, 0xfd, 0x06,
  0xa5, 0x51, 0x1b, 0x58, 0xfd, 0x66, 0x4a, 0x18, 0xf5, 0x1b, 0x09, 0x60, 0xa8, 0x24, 0xf5, 0x0b,
  0x25, 0x53, 0xbf, 0x50, 0x3c, 0xf5, 0x1b, 0xa0, 0xc6, 0x6b, 0x60, 0xf5, 0x9b, 0x29, 0xc1, 0xd4,
  0x6f, 0x24, 0x80, 0xa1, 0x62, 0xd4, 0x2f, 0x94, 0x4c, 0xfd, 0x42, 0xf1, 0xd4, 0x6f, 0xb0, 0x1a,
  0xa9, 0x81, 0xd5, 0x6f, 0xa6, 0x84, 0x54, 0xbf, 0x91, 0x00, 0x86, 0xca, 0x50, 0xbf, 0x50, 0x32,
  0xf5, 0x0b, 0xc5, 0x53, 0xbf, 0x81, 0x6b, 0x8c, 0x06, 0x56, 0xbf, 0x99, 0x12, 0x58, 0xfd, 0x46,
  0x51, 0x94, 0x8b, 0xe3, 0x38, 0xed, 0x19, 0xc6, 0xe9, 0xc8, 0xee, 0xa8, 0xee, 0x66, 0xce, 0xa0,
  0x5c, 0xae, 0xc4, 0xdd, 0xcd, 0xc1, 0x23, 0xd1, 0xc0, 0xe1, 0x4a, 0x4f, 0x53, 0xff, 0x9a, 0xa7,
  0x45, 0x93, 0xdb, 0xd2, 0x1e, 0x22, 0x8a, 0xa2, 0x28, 0xea, 0xed, 0x8a, 0xf2, 0x23, 0x35, 0xda,
  0x56, 0xae, 0x29, 0x6a, 0x9b, 0x57, 0xa3, 0x6d, 0xd5, 0xa9, 0xbe, 0xfd, 0xd1, 0xc8, 0x60, 0xda,
  0x43, 0x64, 0x5e, 0x4b, 0x7b, 0x34, 0xa9, 0x35, 0x9d, 0x4d, 0x0f, 0xf7, 0x47, 0x47, 0x7b, 0xd2,
  0xd9, 0x74, 0x20, 0x4a, 0xfe, 0x59, 0x53, 0x70, 0xb4, 0x3b, 0x1a, 0x1e, 0xa8, 0xdc, 0x34, 0x0d,
  0x61, 0xca, 0x8c, 0x68, 0xe2, 0x94, 0xb4, 0x87, 0x78, 0xdc, 0xd1, 0x9e, 0x68, 0xb8, 0xbf, 0x76,
  0x9b, 0x6b, 0x9b, 0x1b, 0xe5, 0x26, 0xd4, 0x6e, 0x73, 0x59, 0xd6, 0x7f, 0x20, 0x1a, 0x3a, 0x9a,
  0xf6, 0x10, 0x65, 0x48, 0xf1, 0x65, 0xff, 0x71, 0xf1, 0xdd, 0x9f, 0x8b, 0x7f, 0xfc, 0xee, 0x9a,
  0x6d, 0x2e, 0xf7, 0x8a, 0x7f, 0xc8, 0xad, 0xfe, 0xad, 0x9a, 0x6d, 0x6e, 0x7c, 0x26, 0xb7, 0x46,
  0xcd, 0xed, 0x69, 0x0f, 0x51, 0x53, 0x13, 0xd3, 0x1e, 0x60, 0xfc, 0x1c, 0x25, 0x48, 0xd7, 0xe4,
  0xb6, 0xac, 0x94, 0x1e, 0x27, 0xd5, 0x3a, 0x37, 0xed, 0x09, 0x38, 0xce, 0xd4, 0x59, 0x69, 0x4f,
  0x40, 0xa2, 0x89, 0x2d, 0xd1, 0xb4, 0x05, 0x69, 0x0f, 0xc1, 0xe8, 0xa6, 0xcc, 0x4c, 0x7b, 0x02,
  0x12, 0x4d, 0xe9, 0x48, 0x7b, 0x82, 0x50, 0xb5, 0xcc, 0x70, 0x16, 0x40, 0x9d, 0x99, 0x32, 0xc3,
  0x8f, 0x9b, 0xec, 0x70, 0x0a, 0x34, 0x00, 0x00, 0x00, 0x41, 0x10, 0xc0, 0x00, 0x00, 0x00, 0x04,
  0x41, 0x00, 0x03, 0x00, 0x00, 0x10, 0x04, 0x01, 0x0c, 0x00, 0x00, 0x40, 0x10, 0x04, 0x30, 0x00,
  0x00, 0x00, 0x41, 0x10, 0xc0, 0x00, 0x00, 0x00, 0x04, 0x41, 0x00, 0x03, 0x00, 0x00, 0x10, 0x04,
  0x01, 0x0c, 0x00, 0x00, 0x40, 0x10, 0x04, 0x30, 0x00, 0x00, 0x00, 0x41, 0x10, 0xc0, 0x00, 0x00,
  0x00, 0x04, 0x41, 0x00, 0x03, 0x00, 0x00, 0x10, 0x04, 0x01, 0x0c, 0x00, 0x00, 0x40, 0x10, 0x04,
  0x30, 0x00, 0x00, 0x00, 0x41, 0x10, 0xc0, 0x00, 0x00, 0x00, 0x04, 0x41, 0x00, 0x03, 0x00, 0x00,
  0x10, 0x84, 0x89, 0x69, 0x0f, 0x30, 0x6e, 0xf1, 0xb7, 0x7f, 0x3f, 0xea, 0xdb, 0x97, 0xf6, 0x14,
  0x00, 0x00, 0x40, 0x06, 0x9c, 0x71, 0x45, 0xee, 0xb9, 0x7f, 0x9a, 0xf6, 0x10, 0x15, 0x16, 0x7f,
  0xe5, 0x55, 0x51, 0x9c, 0x4f, 0x7b, 0x8a, 0x12, 0xe5, 0x5e, 0xfb, 0xa5, 0x68, 0xda, 0xc2, 0xb4,
  0xa7, 0x18, 0x55, 0x1d, 0x06, 0xf0, 0x8e, 0x3b, 0xa2, 0x43, 0x8f, 0xa5, 0x3d, 0x05, 0x00, 0x00,
  0x90, 0xbe, 0xdc, 0xec, 0x55, 0x69, 0x8f, 0x50, 0x79, 0xf1, 0x96, 0x9b, 0xeb, 0x38, 0x80, 0x87,
  0xfb, 0xd3, 0x1e, 0x21, 0x89, 0x53, 0xa0, 0x01, 0x00, 0x00, 0x08, 0x82, 0x00, 0x06, 0x00, 0x00,
  0x20, 0x08, 0x02, 0x18, 0x00, 0x00, 0x80, 0x20, 0x08, 0x60, 0x00, 0x00, 0x00, 0x82, 0x20, 0x80,
  0x01, 0x00, 0x00, 0x08, 0x82, 0x00, 0x06, 0x00, 0x00, 0x20, 0x08, 0x02, 0x18, 0x00, 0x00, 0x80,
  0x20, 0x08, 0x60, 0x00, 0x00, 0x00, 0x82, 0x20, 0x80, 0x01, 0x00, 0x00, 0x08, 0x82, 0x00, 0x06,
  0x00, 0x00, 0x20, 0x08, 0x02, 0x18, 0x00, 0x00, 0x80, 0x20, 0x4c, 0x4c, 0x7b, 0x80, 0x71, 0xcb,
  0x2d, 0xba, 0x30, 0xee, 0x58, 0x9e, 0xf6, 0x14, 0x00, 0x00, 0x40, 0x06, 0xcc, 0x5c, 0x39, 0xee,
  0x87, 0xb4, 0x2d, 0x88, 0x4e, 0x79, 0x41, 0x15, 0x46, 0x19, 0x45, 0xeb, 0xdc, 0xf1, 0x3e, 0x22,
  0x77, 0xca, 0x0b, 0xe2, 0x38, 0x5f, 0x8d, 0x59, 0x6a, 0x61, 0x62, 0x4b, 0xda, 0x13, 0x24, 0xc9,
  0xc5, 0x71, 0x9c, 0xf6, 0x0c, 0x00, 0x00, 0x00, 0x50, 0x75, 0x4e, 0x81, 0x06, 0x00, 0x00, 0x20,
  0x08, 0x02, 0x18, 0x00, 0x00, 0x80, 0x20, 0x08, 0x60, 0x00, 0x00, 0x00, 0x82, 0x20, 0x80, 0x01,
  0x00, 0x00, 0x08, 0x82, 0x00, 0x06, 0x00, 0x00, 0x20, 0x08, 0x02, 0x18, 0x00, 0x00, 0x80, 0x20,
  0x08, 0x60, 0x00, 0x00, 0x00, 0x82, 0x20, 0x80, 0x01, 0x00, 0x00, 0x08, 0x82, 0x00, 0x06, 0x00,
  0x00, 0x20, 0x08, 0x02, 0x18, 0x00, 0x00, 0x80, 0x20, 0x08, 0x60, 0x00, 0x00, 0x00, 0x82, 0x20,
  0x80, 0x01, 0x00, 0x00, 0x08, 0x82, 0x00, 0x06, 0x00, 0x00, 0x20, 0x08, 0x02, 0x18, 0x00, 0x00,
  0x80, 0x20, 0x08, 0x60, 0x00, 0x00, 0x00, 0x82, 0x20, 0x80, 0x01, 0x00, 0x00, 0x08, 0x82, 0x00,
  0x06, 0x00, 0x00, 0x20, 0x08, 0x02, 0x18, 0x00, 0x00, 0x80, 0x20, 0x08, 0x60, 0x00, 0x00, 0x00,
  0x82, 0x20, 0x80, 0x01, 0x00, 0x00, 0x08, 0x82, 0x00, 0x06, 0x00, 0x00, 0x20, 0x08, 0x02, 0x18,
  0x00, 0x00, 0x80, 0x20, 0x08, 0x60, 0x00, 0x00, 0x00, 0x82, 0x20, 0x80, 0x01, 0x00, 0x00, 0x08,
  0x82, 0x00, 0x06, 0x00, 0x00, 0x20, 0x08, 0x02, 0x18, 0x00, 0x00, 0x80, 0x20, 0x08, 0x60, 0x00,
  0x00, 0x00, 0x82, 0x20, 0x80, 0x01, 0x00, 0x00, 0x08, 0xc2, 0xc4, 0xb4, 0x07, 0xa0, 0xc2, 0xd6,
  0xff, 0xf2, 0x5b, 0x0f, 0xad, 0xf9, 0x5e, 0xc2, 0x02, 0x97, 0xbe, 0xe5, 0x83, 0x33, 0x17, 0x9f,
  0x56, 0xb3, 0x79, 0x00, 0xa8, 0x88, 0xbb, 0x7f, 0x78, 0xf5, 0x96, 0xfb, 0x6f, 0x4a, 0x58, 0xe0,
  0xb2, 0x77, 0x7f, 0x7a, 0x4a, 0xfb, 0xcc, 0x9a, 0xcd, 0x03, 0x70, 0x52, 0x77, 0x7e, 0xf7, 0x53,
  0xdb, 0xd6, 0xdf, 0x96, 0xb0, 0xc0, 0x15, 0x57, 0x7d, 0xb6, 0xb9, 0xb5, 0xbd, 0x66, 0xf3, 0xc0,
  0x09, 0xea, 0x3e, 0x80, 0xfb, 0x8f, 0x1c, 0xe8, 0xbc, 0xfb, 0xfa, 0x92, 0x1f, 0x3e, 0x75, 0xc6,
  0x9c, 0x65, 0xe7, 0x5d, 0x52, 0xb9, 0x71, 0xd2, 0x77, 0xf4, 0xe0, 0xfe, 0xee, 0x1d, 0x9b, 0x12,
  0x16, 0x18, 0x1e, 0xec, 0xaf, 0xd9, 0x30, 0xd5, 0x76, 0x68, 0xef, 0x8e, 0x1d, 0xeb, 0x6f, 0x4f,
  0x58, 0x60, 0xc1, 0xe9, 0xcf, 0xea, 0x58, 0xb8, 0xa2, 0x66, 0xf3, 0x50, 0x8f, 0x8e, 0x1e, 0xee,
  0xde, 0x7c, 0xcf, 0x0d, 0x09, 0x0b, 0xcc, 0x5e, 0xba, 0x6a, 0xee, 0x8a, 0x73, 0x6a, 0x36, 0x4f,
  0xbd, 0x38, 0x7a, 0xb8, 0xfb, 0xc8, 0xfe, 0xdd, 0x73, 0x96, 0x9d, 0x95, 0xf6, 0x20, 0x01, 0x39,
  0xd2, 0xb3, 0x27, 0xf9, 0xe5, 0x3d, 0x9f, 0x1f, 0xae, 0xd9, 0x30, 0x8d, 0xa4, 0x7b, 0xc7, 0xa6,
  0xdd, 0x8f, 0xdc, 0x97, 0xb0, 0xc0, 0x92, 0xb3, 0x9f, 0x3f, 0x6d, 0xf6, 0xc2, 0x9a, 0xcd, 0x43,
  0x63, 0x18, 0x1a, 0xe8, 0xdb, 0xbb, 0xf5, 0xa1, 0x85, 0xa7, 0x3f, 0x2b, 0xed, 0x41, 0xca, 0x72,
  0xf4, 0x50, 0xf7, 0x91, 0x9e, 0xdd, 0x73, 0x4e, 0x19, 0xdf, 0x4b, 0xfd, 0x91, 0xee, 0xdd, 0xc9,
  0x2f, 0x56, 0x71, 0x7e, 0xa4, 0xbc, 0xb9, 0xa8, 0xb5, 0x38, 0xce, 0x6f, 0xba, 0xe3, 0xa7, 0xc3,
  0xfd, 0x7d, 0xc5, 0x3f, 0x24, 0xcb, 0x3b, 0xe1, 0x75, 0x1f, 0xc0, 0x8f, 0x3d, 0x7c, 0xe7, 0x2d,
  0xdf, 0xfc, 0xfb, 0x92, 0x1f, 0x3e, 0xa5, 0x7d, 0xe6, 0xb2, 0x67, 0xbc, 0x28, 0xca, 0xe5, 0x2a,
  0x38, 0x12, 0x35, 0xb3, 0x6f, 0xfb, 0x86, 0xe4, 0x7f, 0xfd, 0x8b, 0xdf, 0xf8, 0xbe, 0xcc, 0x7e,
  0xef, 0x91, 0x11, 0x47, 0xba, 0x77, 0x27, 0x3f, 0x8b, 0xce, 0x7b, 0xd5, 0x5b, 0x04, 0xf0, 0x31,
  0x71, 0xdc, 0xfd, 0xd8, 0x23, 0x5b, 0xd7, 0xae, 0xd9, 0xba, 0x6e, 0x4d, 0xd7, 0xe6, 0x07, 0x4e,
  0xbd, 0xe0, 0xe5, 0x97, 0xbe, 0xed, 0xc3, 0x69, 0xcf, 0x04, 0xe5, 0xda, 0xb9, 0xe9, 0xde, 0xdb,
  0xfe, 0xeb, 0x1f, 0x12, 0x16, 0x78, 0xc5, 0x1f, 0xff, 0xb3, 0x00, 0xa6, 0x48, 0x47, 0xf6, 0xef,
  0xda, 0xba, 0x6e, 0xcd, 0xb6, 0xb5, 0xb7, 0xec, 0xdc, 0x70, 0x77, 0xdb, 0xcc, 0xf9, 0xbf, 0xfb,
  0x77, 0xdf, 0x4d, 0x7b, 0xa2, 0xf1, 0x8b, 0xe3, 0x7d, 0x3b, 0x36, 0x6e, 0x5b, 0xbb, 0x66, 0xdb,
  0xda, 0x35, 0x5d, 0x5b, 0xd6, 0x9f, 0x7e, 0xd1, 0x15, 0x97, 0xbc, 0xe9, 0x6f, 0xd2, 0x9e, 0x89,
  0x34, 0xc5, 0x71, 0xfe, 0x96, 0xaf, 0x7f, 0xec, 0xa1, 0x35, 0xe3, 0x7b, 0x32, 0x5f, 0xfc, 0xfb,
  0xd9, 0xdd, 0x09, 0xaf, 0xfb, 0x00, 0xee, 0xea, 0x7c, 0xa0, 0x9c, 0x87, 0x1f, 0x3d, 0xd4, 0x7d,
  0xb8, 0x7b, 0xd7, 0xb4, 0x59, 0x7e, 0xb0, 0x01, 0x9c, 0xdc, 0xf0, 0xd0, 0xc0, 0xce, 0x0d, 0x77,
  0x17, 0x76, 0x86, 0x8e, 0xf4, 0xec, 0x49, 0x7b, 0x1c, 0x80, 0x6c, 0x89, 0xf3, 0xf9, 0xae, 0xcd,
  0x0f, 0x6c, 0x5d, 0xb7, 0x66, 0xdb, 0xfd, 0x37, 0x77, 0xef, 0x7c, 0x34, 0xed, 0x71, 0x4a, 0x34,
  0x3c, 0x34, 0xb0, 0xf3, 0xa1, 0x3b, 0x0b, 0xf5, 0xde, 0x7b, 0xa0, 0x2b, 0xed, 0x71, 0xc8, 0x8a,
  0xd2, 0xea, 0x37, 0xe3, 0xea, 0x3e, 0x80, 0xf7, 0x74, 0xae, 0x2d, 0x7b, 0x0d, 0xeb, 0x04, 0x30,
  0xc0, 0x09, 0xf2, 0x23, 0xc3, 0x1b, 0x6f, 0xbb, 0x66, 0xeb, 0xba, 0x35, 0x8f, 0x3d, 0x74, 0x67,
  0x23, 0xbd, 0x75, 0x02, 0xa0, 0x52, 0xb6, 0xdc, 0x7f, 0xd3, 0xe6, 0x7b, 0x6f, 0xd8, 0xbe, 0xee,
  0xd6, 0xfe, 0xde, 0x83, 0x69, 0xcf, 0x52, 0xa2, 0x91, 0xe1, 0xc1, 0x8d, 0xb7, 0xfd, 0x68, 0xeb,
  0xba, 0x35, 0x3b, 0x1f, 0xba, 0x73, 0x78, 0x68, 0x20, 0xed, 0x71, 0xc8, 0x96, 0x86, 0xac, 0xdf,
  0xa8, 0xde, 0x03, 0x78, 0x64, 0x78, 0x70, 0xdf, 0xf6, 0x0d, 0x65, 0xae, 0xa4, 0xab, 0x73, 0xdd,
  0xa9, 0x17, 0xbe, 0xa2, 0x22, 0xf3, 0x00, 0x34, 0x8c, 0xc1, 0xbe, 0xc3, 0x37, 0x7f, 0xcd, 0x19,
  0xce, 0x00, 0xa3, 0xba, 0xed, 0xbf, 0xff, 0xf1, 0xc8, 0xfe, 0x5d, 0x69, 0x4f, 0x51, 0x96, 0xfe,
  0x23, 0x07, 0xd6, 0x7c, 0xfd, 0x23, 0x69, 0x4f, 0x41, 0x16, 0x35, 0x6a, 0xfd, 0x46, 0xf5, 0x7e,
  0x1b, 0xa4, 0xfd, 0xdb, 0x36, 0xe4, 0x87, 0x87, 0xca, 0x5c, 0x49, 0x57, 0xe7, 0xba, 0x8a, 0x0c,
  0x03, 0x00, 0x00, 0x50, 0xd9, 0x8d, 0x0b, 0xe7, 0x00, 0x00, 0x20, 0x00, 0x49, 0x44, 0x41, 0x54,
  0xef, 0x1a, 0xb8, 0x7e, 0xa3, 0x7a, 0x3f, 0x02, 0xbc, 0x67, 0x73, 0x05, 0xda, 0x75, 0xdf, 0xf6,
  0x0d, 0x23, 0x43, 0x83, 0x13, 0x26, 0x4d, 0x2e, 0x7f, 0x55, 0x59, 0x70, 0xe6, 0x0b, 0x7f, 0xeb,
  0x94, 0x67, 0xbc, 0x28, 0x61, 0x81, 0x19, 0x0b, 0x96, 0xd5, 0x6a, 0x16, 0x00, 0x2a, 0xe6, 0x59,
  0x97, 0xbd, 0x7d, 0xf5, 0x8b, 0x7e, 0x27, 0x61, 0x81, 0x29, 0x6d, 0x1d, 0x35, 0x1b, 0x06, 0x60,
  0x34, 0x17, 0xbc, 0xfa, 0x5d, 0xe7, 0xbc, 0xf4, 0xf7, 0x13, 0x16, 0x98, 0x3c, 0x75, 0x5a, 0xcd,
  0x86, 0xa1, 0x04, 0x8d, 0x5d, 0xbf, 0x51, 0xbd, 0x07, 0x70, 0x99, 0x57, 0xc0, 0x2a, 0xc8, 0x8f,
  0x0c, 0xef, 0xdb, 0xfe, 0xf0, 0xbc, 0x15, 0xe7, 0x96, 0xbf, 0xaa, 0x2c, 0x68, 0xed, 0x98, 0xdb,
  0xda, 0x31, 0x37, 0xed, 0x29, 0x00, 0xa8, 0xb0, 0x69, 0xb3, 0x17, 0xba, 0x16, 0x31, 0x90, 0x7d,
  0xed, 0x73, 0x16, 0x47, 0x73, 0xd2, 0x1e, 0x82, 0x32, 0xdc, 0xf2, 0x8d, 0x46, 0xae, 0xdf, 0xa8,
  0xde, 0x4f, 0x81, 0x2e, 0xff, 0x0a, 0x58, 0x8f, 0xaf, 0xc7, 0x59, 0xd0, 0x00, 0x00, 0x40, 0xe8,
  0x36, 0xde, 0xf6, 0xa3, 0xb4, 0x47, 0xa8, 0xae, 0x3a, 0x3e, 0x02, 0xdc, 0x77, 0x60, 0xef, 0x91,
  0xee, 0xdd, 0x09, 0x0b, 0xbc, 0xfc, 0x9d, 0xff, 0x30, 0x77, 0xe5, 0xb1, 0xe3, 0xba, 0x37, 0x7f,
  0xe5, 0xef, 0xb6, 0xad, 0xbb, 0x65, 0xb4, 0x25, 0x8b, 0x79, 0x1b, 0x70, 0xe7, 0xdd, 0xd7, 0x1f,
  0xda, 0xbb, 0x63, 0xbc, 0x43, 0x8e, 0x66, 0xd9, 0x33, 0x5f, 0x3c, 0x63, 0xfe, 0xb2, 0x4a, 0xad,
  0xed, 0x78, 0xbb, 0x36, 0xdd, 0xbb, 0xe7, 0x91, 0xfb, 0x13, 0x16, 0x38, 0xed, 0x79, 0x97, 0xb5,
  0xce, 0x78, 0xca, 0x21, 0xe2, 0x2d, 0xf7, 0xdf, 0x74, 0x60, 0x67, 0x67, 0xa5, 0x06, 0x58, 0x72,
  0xce, 0xf3, 0x67, 0x2d, 0x3e, 0xbd, 0xe4, 0x87, 0x6f, 0xfa, 0xd5, 0x4f, 0x7a, 0x8b, 0xbe, 0xcf,
  0x4a, 0xf7, 0x63, 0x8f, 0x94, 0xbc, 0xa1, 0x27, 0xe4, 0xf3, 0x23, 0x0f, 0xfe, 0xf2, 0xdb, 0xc3,
  0x03, 0x47, 0xcb, 0x5f, 0x55, 0x14, 0x45, 0xb3, 0x97, 0xae, 0x5a, 0xbc, 0xfa, 0x79, 0xc7, 0x7f,
  0x64, 0xe3, 0x6d, 0xd7, 0xf4, 0x1d, 0xdc, 0x57, 0x91, 0x95, 0x47, 0x51, 0xb4, 0xf4, 0xdc, 0x8b,
  0x67, 0x2e, 0x3a, 0xb5, 0xb4, 0xc7, 0x6e, 0xfe, 0xf5, 0x8d, 0x07, 0x77, 0x6f, 0xad, 0xc8, 0x18,
  0x93, 0x5b, 0xdb, 0xcf, 0x7a, 0xe1, 0x6f, 0x1d, 0xff, 0x91, 0x9d, 0x1b, 0xef, 0xe9, 0x7a, 0xb4,
  0x32, 0xbf, 0x90, 0x8a, 0xa2, 0x68, 0xde, 0xa9, 0xcf, 0x58, 0x70, 0xda, 0xf9, 0x25, 0x3f, 0x7c,
  0xeb, 0xfd, 0x37, 0xf7, 0x14, 0x7d, 0x23, 0x8a, 0x23, 0x15, 0xb9, 0xd9, 0x43, 0x1c, 0x3f, 0x7c,
  0xdb, 0x0f, 0xfb, 0x0f, 0x75, 0x57, 0x60, 0x55, 0x51, 0x34, 0x6d, 0xce, 0xa2, 0x95, 0x17, 0xbc,
  0xfc, 0xf8, 0x8f, 0x54, 0xf0, 0xdf, 0x2e, 0x8a, 0xa2, 0xa5, 0xcf, 0x78, 0xe1, 0xcc, 0x85, 0x2b,
  0x2b, 0xb5, 0xb6, 0x54, 0x6c, 0x5f, 0x7f, 0xdb, 0xfe, 0x6d, 0xe3, 0xbe, 0x02, 0xe2, 0x8c, 0x85,
  0x2b, 0x96, 0x25, 0xbe, 0x43, 0x64, 0xcf, 0xa3, 0x6b, 0x77, 0x6d, 0xbc, 0xa7, 0x8c, 0xb9, 0x9e,
  0xe2, 0xdc, 0x97, 0xbd, 0xb1, 0x69, 0xe2, 0xa4, 0x4a, 0xad, 0x2d, 0x8a, 0xa2, 0x6d, 0x6b, 0xd7,
  0x24, 0xbf, 0xe8, 0xad, 0x7e, 0xf1, 0xef, 0x4e, 0x6a, 0x99, 0x7a, 0xfc, 0x47, 0xc6, 0xf5, 0x8a,
  0x5a, 0x3d, 0x67, 0xbc, 0xe0, 0xd5, 0x53, 0xa6, 0xcd, 0x1c, 0x73, 0xb1, 0x38, 0xce, 0xdf, 0x7f,
  0xed, 0x7f, 0x56, 0x6c, 0xab, 0xb9, 0xdc, 0xaa, 0x8b, 0x7f, 0xb3, 0xa5, 0x75, 0x7a, 0xc5, 0x56,
  0x98, 0x68, 0x78, 0xb0, 0xff, 0xc1, 0x5f, 0x7e, 0x3b, 0x3f, 0x32, 0x5c, 0x91, 0xb5, 0xcd, 0x3f,
  0xed, 0x99, 0xf3, 0x4f, 0x3d, 0xef, 0xf8, 0x8f, 0xac, 0xff, 0xc5, 0xb7, 0x86, 0xfa, 0x7b, 0x2b,
  0xb2, 0xf2, 0x92, 0xe5, 0x26, 0x4c, 0x58, 0xfd, 0xa2, 0xdf, 0x99, 0xd8, 0x3c, 0xa5, 0xb4, 0x87,
  0x6f, 0x7b, 0xe0, 0xd6, 0xee, 0xed, 0x1b, 0x2b, 0x32, 0xc9, 0xc4, 0xc9, 0x2d, 0x67, 0xbf, 0xe4,
  0x0d, 0xc7, 0x7f, 0x64, 0x4f, 0xe7, 0xda, 0x5d, 0x1b, 0x2a, 0xf6, 0xcd, 0x3b, 0x7b, 0xd9, 0x59,
  0x8b, 0xcf, 0x7c, 0x4e, 0xa5, 0xd6, 0x36, 0x5e, 0x1b, 0x6f, 0xff, 0x51, 0xdf, 0x81, 0xbd, 0xe5,
  0xaf, 0x67, 0xd9, 0x79, 0x97, 0xcc, 0x58, 0xb0, 0xbc, 0xfc, 0xf5, 0x94, 0x60, 0xcc, 0x1d, 0xcb,
  0xb3, 0x5f, 0xf2, 0x86, 0x89, 0x93, 0x5b, 0x92, 0x57, 0x72, 0x64, 0xff, 0xae, 0x47, 0xee, 0xbc,
  0xb6, 0x84, 0xad, 0x37, 0xb7, 0x4e, 0x5f, 0x75, 0xf1, 0x6b, 0x72, 0xb9, 0x31, 0x0e, 0xf2, 0x55,
  0xf6, 0x05, 0x7f, 0xce, 0xb2, 0xd5, 0x8b, 0xce, 0x7c, 0x76, 0xa5, 0xd6, 0x36, 0xa6, 0x47, 0xee,
  0xf8, 0x69, 0x72, 0x04, 0x8d, 0xa6, 0x9c, 0xdd, 0xc8, 0x27, 0x34, 0x35, 0x4d, 0x68, 0x2e, 0xe2,
  0xa5, 0x75, 0xc2, 0xe4, 0xe6, 0x32, 0x37, 0x54, 0x3d, 0x75, 0x1c, 0xc0, 0x5d, 0x9b, 0xc7, 0x38,
  0xff, 0x79, 0xe1, 0xaa, 0x0b, 0x27, 0x4f, 0x69, 0x2b, 0xfc, 0x79, 0xee, 0x8a, 0x73, 0xca, 0x0c,
  0xe0, 0x8d, 0xbf, 0xfa, 0x71, 0xc2, 0x1a, 0xc6, 0x6b, 0xdd, 0x8d, 0xdf, 0xbc, 0xfc, 0xaa, 0xab,
  0x3b, 0x16, 0x54, 0xfe, 0xf6, 0xd0, 0x8f, 0x3d, 0x78, 0xc7, 0xbd, 0x3f, 0xf9, 0x62, 0xc2, 0x02,
  0x0b, 0xcf, 0xb8, 0xe0, 0x84, 0x00, 0x7e, 0xf4, 0xae, 0x9f, 0x3d, 0x7a, 0xd7, 0x75, 0x95, 0x1a,
  0xe0, 0xfe, 0xeb, 0xbe, 0x7a, 0xd9, 0x55, 0xff, 0x3e, 0x7b, 0xc9, 0x19, 0x25, 0x3c, 0xf6, 0x9e,
  0x6b, 0x3e, 0x77, 0xcf, 0x8f, 0x3e, 0x57, 0xa9, 0x49, 0x8a, 0x91, 0xcf, 0x8f, 0xdc, 0xf8, 0x85,
  0xf7, 0x77, 0xde, 0xf3, 0xf3, 0x4a, 0xad, 0xf0, 0xac, 0x17, 0xfd, 0xf6, 0x09, 0x01, 0xbc, 0xfe,
  0x97, 0xdf, 0xde, 0xbb, 0xf5, 0xc1, 0x4a, 0xad, 0x7f, 0xed, 0xf5, 0x5f, 0xbb, 0xec, 0xaa, 0x7f,
  0x2f, 0xe1, 0x57, 0x0c, 0x0f, 0xfe, 0xf2, 0xdb, 0xb7, 0x7c, 0xf3, 0xef, 0x2b, 0x35, 0xc6, 0xf4,
  0xb9, 0x4b, 0x4f, 0x08, 0xe0, 0x1d, 0xeb, 0x6f, 0xbf, 0xef, 0xda, 0x2f, 0x57, 0x6a, 0xfd, 0x13,
  0x26, 0x4e, 0x7e, 0xc5, 0x1f, 0xff, 0xd3, 0x09, 0x5f, 0xc9, 0x22, 0x6d, 0xb8, 0xf5, 0x87, 0x37,
  0x7d, 0xf5, 0xef, 0xa2, 0x38, 0xae, 0xd4, 0x30, 0x63, 0x8b, 0xe3, 0x5f, 0x7d, 0xe7, 0x5f, 0xd6,
  0xfe, 0xfc, 0xeb, 0x95, 0x5a, 0xdf, 0x92, 0xb3, 0x2f, 0x3a, 0x21, 0x80, 0x1f, 0xb9, 0xf3, 0xda,
  0xcd, 0xf7, 0xde, 0x58, 0xa9, 0xf5, 0xaf, 0xbd, 0xfe, 0x6b, 0x97, 0x5f, 0x75, 0xf5, 0xcc, 0xc5,
  0xa7, 0x95, 0xb9, 0x9e, 0xfe, 0xbe, 0x43, 0xfb, 0xb6, 0x3d, 0x3c, 0xe6, 0x62, 0xb3, 0x96, 0x9c,
  0x3e, 0xe6, 0x8e, 0xc8, 0xb8, 0x3c, 0x7a, 0xd7, 0x75, 0x37, 0x7e, 0xf1, 0xff, 0xc6, 0x71, 0x7e,
  0xbc, 0x0f, 0x5c, 0x79, 0xe1, 0xcb, 0x13, 0x02, 0x78, 0xe7, 0x86, 0xbb, 0xaf, 0xfd, 0xd4, 0xbb,
  0x2b, 0x78, 0x17, 0x90, 0xd5, 0x97, 0xfe, 0x6e, 0x65, 0x03, 0xb8, 0xf3, 0xd7, 0x37, 0x6e, 0xbc,
  0xed, 0x9a, 0x84, 0x05, 0x4e, 0x7b, 0xde, 0x65, 0x27, 0x04, 0xf0, 0x43, 0x6b, 0xbe, 0xbb, 0xfb,
  0x91, 0xfb, 0x2a, 0x38, 0x43, 0x69, 0x36, 0xdd, 0xf9, 0xd3, 0xcb, 0xaf, 0xba, 0x7a, 0xcc, 0x06,
  0x8e, 0xe3, 0xf8, 0xce, 0xef, 0x7f, 0xba, 0x82, 0xdb, 0x7d, 0xf4, 0xae, 0xeb, 0x2e, 0xbb, 0xea,
  0xdf, 0x6b, 0xd0, 0xc0, 0xc3, 0x83, 0xfd, 0x3f, 0xfb, 0xf4, 0x55, 0x8f, 0x3d, 0x7c, 0x67, 0xa5,
  0x56, 0x78, 0xc1, 0x95, 0xef, 0x3c, 0x21, 0x80, 0xef, 0xbb, 0xf6, 0xcb, 0x59, 0xb8, 0x35, 0xeb,
  0xf6, 0x07, 0x6e, 0x7b, 0xe5, 0x9f, 0x7c, 0xa2, 0x84, 0x06, 0xde, 0x74, 0xc7, 0x4f, 0x7e, 0xf1,
  0xa5, 0xbf, 0xa9, 0xd4, 0x2b, 0x73, 0xcb, 0xb4, 0x8e, 0x13, 0x02, 0x78, 0xd7, 0xc6, 0x7b, 0x2b,
  0xf8, 0xe4, 0x69, 0x6a, 0x9a, 0xf0, 0x92, 0xb7, 0x7f, 0x74, 0xf9, 0xf9, 0x97, 0x96, 0xb9, 0x9e,
  0x91, 0xa1, 0x81, 0x62, 0x5e, 0x24, 0xa7, 0xcf, 0x5b, 0x3a, 0xa9, 0xf9, 0xc9, 0xef, 0xdc, 0x07,
  0x6f, 0xfa, 0xce, 0x98, 0xbb, 0xb8, 0xc5, 0x58, 0x77, 0xc3, 0x37, 0x2f, 0xbf, 0xea, 0xea, 0x8e,
  0x85, 0xe5, 0xee, 0x6a, 0x0e, 0x1c, 0x39, 0x58, 0xcc, 0x7f, 0xc5, 0xec, 0x25, 0x67, 0x44, 0xb9,
  0x5c, 0xe1, 0xcf, 0x9d, 0x77, 0x5d, 0xf7, 0xc8, 0x5d, 0x3f, 0x4b, 0x58, 0x78, 0xd5, 0x0b, 0x5e,
  0x93, 0x1c, 0xc0, 0x87, 0xf7, 0xef, 0xfc, 0xd1, 0x3f, 0xbd, 0xf3, 0xf0, 0xfe, 0x9d, 0xe3, 0x1a,
  0xf5, 0x09, 0xfb, 0xb6, 0x3f, 0xfc, 0x82, 0xdf, 0xfb, 0xab, 0xe4, 0x1f, 0x3d, 0x3b, 0x37, 0xde,
  0x7d, 0xd7, 0xf7, 0x3f, 0x53, 0xda, 0xfa, 0x9f, 0xae, 0xa9, 0x69, 0xc2, 0x4b, 0xdf, 0xf1, 0xb1,
  0x65, 0xcf, 0x7c, 0x71, 0xa5, 0x56, 0x98, 0xe0, 0xde, 0x1f, 0x7f, 0xe1, 0xee, 0x1f, 0x5e, 0x5d,
  0xda, 0x63, 0xef, 0xbf, 0xfe, 0xab, 0x97, 0x5f, 0x75, 0x75, 0x39, 0x47, 0xaa, 0xa2, 0x28, 0x9a,
  0xbb, 0xe2, 0x9c, 0x2b, 0xff, 0xe2, 0x0b, 0xe5, 0xac, 0x21, 0x75, 0x75, 0x1c, 0xc0, 0xc9, 0x57,
  0xc0, 0x6a, 0x9f, 0xbb, 0xe4, 0x89, 0xfa, 0x8d, 0xa2, 0x68, 0xce, 0xd2, 0x33, 0x13, 0x16, 0x3e,
  0xd2, 0xb3, 0xa7, 0xf7, 0x40, 0xd7, 0x09, 0x59, 0x58, 0x55, 0x47, 0x0f, 0x75, 0xff, 0xe8, 0x9f,
  0xdf, 0x59, 0xa5, 0x06, 0x4e, 0xd7, 0x40, 0xdf, 0xa1, 0x1f, 0xff, 0xf3, 0xbb, 0x4a, 0x68, 0xe0,
  0x06, 0xa8, 0xdf, 0x1a, 0xe8, 0xef, 0x3d, 0x58, 0xf8, 0xf2, 0x8e, 0xeb, 0xc5, 0xab, 0xb2, 0xf5,
  0x5b, 0x03, 0x23, 0xc3, 0x83, 0x3f, 0xfb, 0xcc, 0x7b, 0x4a, 0x68, 0xe0, 0x06, 0xa8, 0xdf, 0x1a,
  0xe8, 0xef, 0x3d, 0x58, 0x78, 0xfd, 0x29, 0xb3, 0x81, 0x77, 0xac, 0xbf, 0x7d, 0xc7, 0xfa, 0xdb,
  0xc7, 0x5c, 0xec, 0xad, 0xff, 0x76, 0xeb, 0xc4, 0x49, 0x15, 0xfb, 0x35, 0x70, 0xc9, 0xf5, 0x9b,
  0xac, 0xe2, 0xf5, 0xcb, 0xf1, 0x7a, 0x76, 0x76, 0x16, 0x9e, 0x72, 0xc5, 0x1c, 0x07, 0xae, 0xa0,
  0xfd, 0x3b, 0x36, 0x16, 0x5e, 0x30, 0xab, 0xda, 0xc0, 0x15, 0xaf, 0xdf, 0x2c, 0xdb, 0xb9, 0xe1,
  0xee, 0x6b, 0x3f, 0xfd, 0xff, 0x8d, 0xb7, 0x81, 0x2b, 0x5b, 0xbf, 0x35, 0x90, 0xcf, 0x8f, 0xdc,
  0xf0, 0xf9, 0xff, 0xbf, 0xfc, 0x06, 0x3e, 0xd2, 0xb3, 0xe7, 0xbb, 0x1f, 0x7e, 0xe3, 0x98, 0x8b,
  0x5d, 0xf9, 0x7f, 0x3e, 0x3f, 0xff, 0xb4, 0x67, 0x96, 0xb3, 0xa1, 0x93, 0x3a, 0x7a, 0xf8, 0xf1,
  0x5d, 0xcd, 0xf2, 0x1a, 0x78, 0xeb, 0xda, 0x9b, 0xb7, 0xae, 0xbd, 0x79, 0xcc, 0xc5, 0xde, 0xfe,
  0xef, 0x77, 0xe6, 0x1e, 0x0f, 0xe0, 0x32, 0x95, 0x59, 0xbf, 0x51, 0x14, 0x3d, 0x74, 0xf3, 0x77,
  0xa3, 0x28, 0x1a, 0xb3, 0x81, 0x2b, 0x28, 0x9f, 0x1f, 0xf9, 0xf9, 0xe7, 0xfe, 0xaa, 0x06, 0x0d,
  0x5c, 0x4e, 0xfd, 0x46, 0x51, 0x34, 0xd0, 0x7b, 0xa8, 0xf0, 0xac, 0x28, 0xb3, 0x81, 0xeb, 0x5d,
  0x1d, 0xbf, 0x07, 0x38, 0xf9, 0x8d, 0xbb, 0xb3, 0x97, 0xae, 0x4a, 0xf8, 0xeb, 0xd3, 0x55, 0xe4,
  0x7a, 0x5a, 0xe3, 0x52, 0x68, 0xe0, 0x9e, 0x5d, 0x15, 0x3b, 0xf7, 0x38, 0x3b, 0x0a, 0x0d, 0x3c,
  0xae, 0x5b, 0x34, 0xab, 0xdf, 0xe2, 0x15, 0x1a, 0x78, 0xff, 0x8e, 0x62, 0x4f, 0x24, 0xab, 0xbb,
  0xfa, 0x2d, 0x28, 0x34, 0x70, 0x31, 0x7d, 0xf5, 0x04, 0xf5, 0x5b, 0xbc, 0x42, 0x03, 0x77, 0xef,
  0xd8, 0x94, 0xf6, 0x20, 0xe3, 0xa3, 0x7e, 0xeb, 0x57, 0xa1, 0x81, 0x8f, 0x1e, 0xae, 0xcc, 0xdb,
  0x04, 0x8a, 0x57, 0x68, 0xe0, 0xfe, 0xde, 0x83, 0x55, 0x5a, 0x7f, 0x50, 0xf5, 0x5b, 0x50, 0x68,
  0xe0, 0xe2, 0xdf, 0x37, 0x54, 0x77, 0xf5, 0x5b, 0x50, 0x68, 0xe0, 0x0a, 0x9e, 0x7a, 0x93, 0x8a,
  0x42, 0x03, 0xf7, 0x54, 0xee, 0x6d, 0x6e, 0x35, 0x50, 0x7e, 0xfd, 0x16, 0x3c, 0x74, 0xf3, 0x77,
  0x6f, 0xf9, 0xc6, 0xc7, 0x2a, 0xfe, 0xf3, 0x22, 0x41, 0xa1, 0x81, 0xb7, 0xfc, 0xfa, 0x17, 0xd5,
  0xdb, 0x44, 0x99, 0xf5, 0x5b, 0x50, 0x68, 0xe0, 0xe2, 0x77, 0x23, 0x1b, 0x52, 0xbd, 0x06, 0x70,
  0x7e, 0x64, 0x78, 0xdf, 0x96, 0xa4, 0xd3, 0x4a, 0x4f, 0x28, 0xde, 0x29, 0xed, 0x33, 0xa7, 0xce,
  0x48, 0xba, 0x20, 0x5d, 0x45, 0xee, 0xa8, 0x34, 0x5e, 0x1a, 0xb8, 0x40, 0xfd, 0x8e, 0x57, 0xf1,
  0x0d, 0x5c, 0xa7, 0xf5, 0x5b, 0x30, 0xae, 0x06, 0x56, 0xbf, 0xe3, 0x55, 0x77, 0x0d, 0xac, 0x7e,
  0xeb, 0x5d, 0xe3, 0x35, 0x70, 0x80, 0xf5, 0x5b, 0x50, 0x7c, 0x03, 0xd7, 0x69, 0xfd, 0x16, 0x68,
  0xe0, 0xda, 0xab, 0x54, 0xfd, 0x16, 0x34, 0x58, 0x03, 0x57, 0xa4, 0x7e, 0x0b, 0x34, 0x70, 0xbd,
  0x06, 0x70, 0xf7, 0x63, 0x8f, 0x24, 0xef, 0xaf, 0x3c, 0xfd, 0x9c, 0xe7, 0xe4, 0xb3, 0xa0, 0x8b,
  0x79, 0x1b, 0x70, 0x35, 0x68, 0x60, 0xf5, 0x5b, 0x9a, 0x62, 0x1a, 0xb8, 0xae, 0xeb, 0xb7, 0xa0,
  0xc8, 0x06, 0x56, 0xbf, 0xa5, 0xa9, 0xa3, 0x06, 0x56, 0xbf, 0x8d, 0xa1, 0x91, 0x1a, 0x38, 0xd8,
  0xfa, 0x2d, 0x28, 0xa6, 0x81, 0xeb, 0xba, 0x7e, 0x0b, 0x34, 0x70, 0x2d, 0x55, 0xb6, 0x7e, 0x0b,
  0x1a, 0xa6, 0x81, 0x2b, 0x58, 0xbf, 0x05, 0x81, 0x37, 0x70, 0xbd, 0x06, 0xf0, 0x98, 0xbd, 0x3a,
  0x6b, 0xe9, 0x89, 0x6f, 0x40, 0x4d, 0x3e, 0x0b, 0x7a, 0xef, 0xd6, 0x07, 0x2b, 0x75, 0xf1, 0xc6,
  0xf1, 0x0a, 0xb9, 0x81, 0xd5, 0x6f, 0x39, 0x92, 0x1b, 0xb8, 0x01, 0xea, 0xb7, 0x60, 0xcc, 0x06,
  0x56, 0xbf, 0xe5, 0xa8, 0x8b, 0x06, 0x56, 0xbf, 0x8d, 0xa4, 0x31, 0x1a, 0x38, 0xf0, 0xfa, 0x2d,
  0x48, 0x6e, 0xe0, 0x06, 0xa8, 0xdf, 0x02, 0x0d, 0x5c, 0x1b, 0xd5, 0xa8, 0xdf, 0x82, 0x06, 0x68,
  0xe0, 0x8a, 0xd7, 0x6f, 0x41, 0xc8, 0x0d, 0x5c, 0xaf, 0x01, 0x9c, 0xfc, 0x06, 0xe0, 0xb6, 0x59,
  0x0b, 0x9e, 0x7e, 0xc5, 0x8b, 0xe4, 0x00, 0x1e, 0x19, 0x1a, 0x4c, 0xf1, 0x19, 0x10, 0x66, 0x03,
  0xd7, 0xbe, 0x7e, 0xa3, 0x28, 0xfa, 0xc5, 0x17, 0xff, 0xba, 0x31, 0xea, 0xb7, 0x60, 0xb4, 0x06,
  0x7e, 0x78, 0xcd, 0xf7, 0x1a, 0xa3, 0x7e, 0x0b, 0x12, 0x1a, 0x38, 0x85, 0xfa, 0x8d, 0xa2, 0x3b,
  0xbe, 0xf7, 0xa9, 0xc6, 0xa8, 0xdf, 0x82, 0x8c, 0x37, 0x70, 0x95, 0xea, 0x77, 0xf7, 0xa6, 0x5f,
  0xab, 0xdf, 0xb4, 0xd4, 0x7b, 0x03, 0xe7, 0x47, 0x86, 0xd5, 0x6f, 0xc1, 0x68, 0x0d, 0xfc, 0xe8,
  0xdd, 0xd7, 0x35, 0x46, 0xfd, 0x16, 0x68, 0xe0, 0x6a, 0xeb, 0x3d, 0xd0, 0x55, 0xa5, 0xfa, 0x2d,
  0x78, 0xe8, 0xe6, 0xef, 0xde, 0xfa, 0x5f, 0xff, 0x50, 0xa5, 0x95, 0x9f, 0x54, 0x05, 0x1b, 0xf8,
  0xbe, 0x6b, 0xbf, 0x5c, 0x8d, 0xfa, 0x2d, 0x28, 0x34, 0x70, 0x36, 0x9f, 0x15, 0x55, 0x55, 0xaf,
  0x57, 0x81, 0x4e, 0x7e, 0xcb, 0xee, 0x49, 0xcf, 0x76, 0x9e, 0x7d, 0xca, 0xd8, 0xd7, 0xc1, 0x9a,
  0x73, 0xca, 0x59, 0x65, 0x8d, 0x55, 0x86, 0xa3, 0x87, 0xba, 0x6f, 0xfd, 0xe6, 0xc7, 0x2f, 0xbf,
  0xaa, 0x5a, 0x4f, 0xf1, 0x14, 0x0d, 0xf4, 0x1d, 0x5a, 0xf3, 0xd5, 0x0f, 0xff, 0xe6, 0xfb, 0xbe,
  0x72, 0xfc, 0x07, 0x1f, 0xbc, 0xe9, 0x3b, 0xb5, 0xaf, 0xdf, 0x28, 0x8a, 0x36, 0xdf, 0x7b, 0x43,
  0xc2, 0x67, 0x9b, 0x5b, 0xdb, 0xe7, 0xad, 0x7c, 0xc6, 0x98, 0x2b, 0x39, 0xb0, 0x7b, 0xcb, 0xa1,
  0xae, 0xed, 0x95, 0x1b, 0xaa, 0x2c, 0x85, 0x06, 0xfe, 0xed, 0xbf, 0xfd, 0xd6, 0xd4, 0xf6, 0x59,
  0x4f, 0x7c, 0x70, 0xf3, 0x58, 0xaf, 0xb9, 0x4b, 0xcf, 0x79, 0x41, 0x34, 0xd6, 0xd5, 0x1a, 0x07,
  0x8e, 0x1c, 0xdc, 0xd3, 0x59, 0xb1, 0x5b, 0xfb, 0x96, 0x69, 0x64, 0x78, 0xf0, 0xc6, 0xff, 0xf8,
  0xeb, 0x3f, 0xfc, 0xa7, 0xa7, 0xfc, 0xf2, 0x62, 0xdb, 0xba, 0x5b, 0x6a, 0x5f, 0xbf, 0x51, 0x14,
  0x25, 0xef, 0x06, 0x4d, 0x98, 0x34, 0x79, 0x51, 0x11, 0x37, 0x90, 0x3c, 0xd2, 0xbd, 0x3b, 0x3b,
  0xcd, 0xd9, 0xdf, 0x7b, 0x70, 0xcd, 0xd7, 0x3f, 0xfa, 0xea, 0xf7, 0xfe, 0x47, 0xda, 0x83, 0x9c,
  0x28, 0x3f, 0x32, 0x5c, 0x8d, 0xfa, 0x8d, 0xa2, 0x68, 0xfb, 0xfa, 0xdb, 0x93, 0xeb, 0x77, 0xfe,
  0xca, 0x67, 0x4c, 0x6e, 0x6d, 0x4f, 0x5e, 0x49, 0x3c, 0x32, 0xb2, 0x7d, 0xfd, 0x6d, 0x15, 0x9d,
  0x2b, 0x14, 0x3d, 0x3b, 0x3b, 0xaf, 0xff, 0xec, 0x7b, 0xaf, 0xfc, 0x3f, 0x9f, 0xaf, 0xf1, 0x76,
  0xf7, 0xef, 0xd8, 0xf8, 0xd3, 0x7f, 0xfd, 0xb3, 0x13, 0x7e, 0x1e, 0x8d, 0xd7, 0xe0, 0xd1, 0x23,
  0xc9, 0xf5, 0x3b, 0x75, 0xfa, 0xec, 0xd9, 0xa7, 0x24, 0xbd, 0xeb, 0xaa, 0xa0, 0x7b, 0xfb, 0xc6,
  0x23, 0x19, 0xb8, 0x4b, 0x73, 0x99, 0x76, 0x6e, 0xb8, 0xfb, 0x96, 0x6f, 0x7c, 0xec, 0x92, 0xb7,
  0x7c, 0xe0, 0xf8, 0x0f, 0x6e, 0xb9, 0xef, 0x97, 0xc9, 0xaf, 0xcc, 0x8b, 0xcf, 0x7a, 0xee, 0x98,
  0x37, 0x09, 0x1b, 0x3a, 0xda, 0xbb, 0x6b, 0xd3, 0xbd, 0x15, 0x18, 0xb1, 0x12, 0xf2, 0xf9, 0x91,
  0x1b, 0xbe, 0xf0, 0xbe, 0xb7, 0x7d, 0xe6, 0x57, 0x69, 0x0f, 0x52, 0x96, 0xa3, 0x87, 0xbb, 0x6f,
  0xf9, 0xe6, 0xc7, 0xae, 0x78, 0x4f, 0x0a, 0x7b, 0x5f, 0xc9, 0xf6, 0x6d, 0x7b, 0xb8, 0x7a, 0xf5,
  0x5b, 0xb0, 0xf9, 0xde, 0x1b, 0x5e, 0xf0, 0x86, 0xf7, 0x56, 0x75, 0x13, 0x27, 0xc8, 0xe7, 0x47,
  0x6e, 0xf8, 0xc2, 0xfb, 0xff, 0xd7, 0xa7, 0xcb, 0xfd, 0x19, 0x51, 0xed, 0xdf, 0xbc, 0x0c, 0xf4,
  0x1e, 0xda, 0xb5, 0xf1, 0x9e, 0x71, 0x5d, 0x2a, 0x7c, 0x78, 0xe0, 0x68, 0xf7, 0xce, 0x47, 0xc7,
  0x5c, 0xac, 0x75, 0xfa, 0x9c, 0xe6, 0xb1, 0x7e, 0x8c, 0xa6, 0xa5, 0x2e, 0x03, 0xb8, 0xff, 0xc8,
  0x81, 0xe4, 0xfc, 0x38, 0xe9, 0xc1, 0xde, 0xd6, 0xe9, 0x73, 0xa6, 0x4c, 0x9b, 0x99, 0xf0, 0x2b,
  0xe7, 0x3d, 0x9b, 0xd7, 0xad, 0x7e, 0xf1, 0xeb, 0x4a, 0x9e, 0xaa, 0x7d, 0xee, 0x92, 0x5c, 0x34,
  0x46, 0x51, 0x1c, 0xec, 0xda, 0x96, 0xf0, 0xd9, 0x7c, 0x7e, 0xa4, 0xe4, 0xad, 0x57, 0x55, 0xfb,
  0xec, 0x45, 0xb9, 0xa6, 0x09, 0xc9, 0xcb, 0x1c, 0xda, 0xbb, 0x23, 0x61, 0x27, 0x35, 0x9f, 0x3f,
  0xf1, 0xf4, 0xf2, 0x03, 0xbb, 0x36, 0x27, 0xaf, 0xf0, 0x9c, 0x97, 0xfe, 0xde, 0x98, 0x37, 0xcc,
  0xe8, 0x7e, 0xec, 0x91, 0xd2, 0x6e, 0x92, 0x3e, 0x9a, 0x59, 0x8b, 0x4e, 0x7b, 0xe5, 0x9f, 0x7c,
  0x62, 0xcc, 0xc5, 0xee, 0xfe, 0xe1, 0xd5, 0xf7, 0xfe, 0xb8, 0x32, 0x37, 0x40, 0x9b, 0x30, 0x69,
  0xf2, 0xb3, 0x2e, 0x7f, 0xc7, 0x98, 0x8b, 0x6d, 0x5b, 0x77, 0x4b, 0xc2, 0xcd, 0x3c, 0xfb, 0x7b,
  0x0f, 0xf6, 0x1f, 0xee, 0x39, 0x3e, 0x80, 0xc7, 0xf4, 0x8a, 0x3f, 0xfe, 0xe7, 0x5c, 0xd3, 0x18,
  0x27, 0x80, 0xec, 0xda, 0x74, 0xef, 0x35, 0xff, 0x38, 0xf6, 0x6c, 0x45, 0x6a, 0xeb, 0x98, 0x37,
  0x61, 0xac, 0x7b, 0xe1, 0x1c, 0xee, 0xde, 0x95, 0x1f, 0x1e, 0x1a, 0xed, 0xb3, 0x4f, 0xff, 0x06,
  0x39, 0xb0, 0x7b, 0x4b, 0xf2, 0x3e, 0xd6, 0xe9, 0x17, 0x5d, 0x31, 0x63, 0xde, 0x29, 0xc9, 0x1b,
  0xed, 0xed, 0xe9, 0x5a, 0xff, 0xcb, 0x6f, 0x25, 0x2f, 0x33, 0x2e, 0x53, 0xdb, 0x67, 0x17, 0xf3,
  0x2c, 0xda, 0x70, 0xeb, 0x0f, 0x6f, 0xfa, 0xca, 0x07, 0x2b, 0xb5, 0xd1, 0x62, 0xbe, 0x49, 0x0f,
  0xee, 0xdd, 0x9e, 0xf0, 0xe5, 0x7a, 0xfa, 0x37, 0x69, 0x46, 0xd4, 0xf2, 0xbc, 0xb5, 0xe3, 0x3d,
  0xf7, 0x75, 0x57, 0xcd, 0x5d, 0xb6, 0x3a, 0x79, 0x99, 0xe1, 0x81, 0xa3, 0xff, 0xf1, 0xe7, 0x17,
  0xd7, 0x66, 0x9e, 0x6a, 0x98, 0x31, 0x7f, 0xd9, 0x45, 0xaf, 0x7b, 0x4f, 0xc2, 0x02, 0xf7, 0x5f,
  0xff, 0xd5, 0xc7, 0x1e, 0x1a, 0xb5, 0xf4, 0x66, 0x9f, 0x72, 0xe6, 0xb3, 0x5f, 0xfd, 0xc7, 0x09,
  0x0f, 0xbf, 0xe7, 0xc7, 0x9f, 0xdf, 0xf3, 0xe8, 0xa8, 0xbf, 0x44, 0xeb, 0x3b, 0xb8, 0xaf, 0x98,
  0x21, 0x8f, 0x37, 0x7d, 0xde, 0xd2, 0x33, 0x2e, 0xba, 0x72, 0xcc, 0xc5, 0x1e, 0xbc, 0xe9, 0x3b,
  0x47, 0xba, 0x77, 0x8f, 0xf6, 0xd9, 0x1a, 0x9c, 0x6c, 0xb5, 0xe0, 0xf4, 0xf3, 0x5f, 0xf2, 0xb6,
  0x8f, 0x8c, 0xb9, 0xd8, 0xcd, 0x5f, 0xfb, 0xf0, 0xc3, 0x6b, 0xbe, 0x57, 0x91, 0x2d, 0x2e, 0x3c,
  0xfd, 0x59, 0xe7, 0xbd, 0xf2, 0xcd, 0x09, 0x0b, 0xfc, 0xea, 0x3b, 0xff, 0x92, 0xb0, 0xc3, 0xba,
  0xf4, 0xec, 0xe7, 0x9f, 0x7d, 0xe9, 0xeb, 0x13, 0x1e, 0x7e, 0xcb, 0x37, 0x3e, 0x76, 0x68, 0xdf,
  0x63, 0xa3, 0x7d, 0xb6, 0x84, 0x7f, 0xca, 0x4b, 0xdf, 0xf6, 0xe1, 0x31, 0xef, 0x4d, 0xd5, 0xbd,
  0x63, 0xd3, 0x77, 0xfe, 0xee, 0x0d, 0xc9, 0xcb, 0x14, 0xaf, 0x75, 0xc6, 0xdc, 0xe4, 0x1b, 0xcf,
  0x46, 0x51, 0xd4, 0xdb, 0xb3, 0x27, 0xe1, 0xf7, 0x62, 0x35, 0xdb, 0x49, 0x3b, 0xeb, 0x92, 0xdf,
  0x59, 0x76, 0xde, 0x25, 0x25, 0x3f, 0xfc, 0xae, 0x1f, 0x7c, 0x26, 0xce, 0x8f, 0xfa, 0xb2, 0x19,
  0x8f, 0x64, 0x74, 0x57, 0x33, 0xd9, 0x85, 0xaf, 0xfe, 0xe3, 0x55, 0x17, 0xbf, 0x26, 0x79, 0x99,
  0x6b, 0xfe, 0xe9, 0x8f, 0xc6, 0xdc, 0xb7, 0x1c, 0x97, 0x62, 0x9e, 0x33, 0x47, 0x7a, 0x76, 0x8f,
  0x0c, 0x0d, 0x8e, 0xf6, 0xd9, 0x1a, 0xfc, 0x60, 0x9d, 0xd4, 0x32, 0xf5, 0xf5, 0x1f, 0xfa, 0x7e,
  0xf2, 0x32, 0xdb, 0xd6, 0xdd, 0x72, 0xd3, 0x7f, 0x56, 0x6c, 0x7f, 0x23, 0x8a, 0xa2, 0x7d, 0xdb,
  0x37, 0x7c, 0xe7, 0x03, 0xbf, 0x3b, 0xe6, 0x62, 0x17, 0xff, 0xfe, 0xfb, 0xce, 0x7c, 0xe1, 0x6b,
  0x2b, 0xb8, 0xdd, 0x0a, 0xaa, 0xcb, 0x00, 0x1e, 0xf3, 0xfe, 0xe0, 0x27, 0x3f, 0xd8, 0x9b, 0xcb,
  0xcd, 0x3e, 0x65, 0xd5, 0xf6, 0x07, 0x46, 0xfd, 0x4d, 0x4c, 0x99, 0xd7, 0xc1, 0x7a, 0xdd, 0xdf,
  0x7c, 0x6b, 0xcc, 0x5f, 0x67, 0x7e, 0xf1, 0x4f, 0x2e, 0x1a, 0x19, 0x1e, 0xf5, 0xfb, 0x24, 0xb3,
  0x5e, 0xf3, 0xbe, 0xaf, 0x8c, 0xf9, 0x83, 0xea, 0x2b, 0xef, 0x79, 0x69, 0xff, 0x91, 0x03, 0x15,
  0xdc, 0xe8, 0x99, 0x17, 0xbf, 0x76, 0xc6, 0xfc, 0x65, 0xc9, 0xcb, 0x74, 0xde, 0x7b, 0x43, 0x65,
  0x03, 0xb8, 0xf6, 0x26, 0x4c, 0x6a, 0x4e, 0xde, 0x6b, 0x29, 0xe8, 0x3f, 0xdc, 0x93, 0x10, 0xc0,
  0x75, 0xe1, 0xe5, 0xef, 0xfa, 0xc7, 0x31, 0x0f, 0x89, 0x7c, 0xf7, 0x23, 0x7f, 0xb0, 0x6f, 0xeb,
  0x43, 0x15, 0xdc, 0xe8, 0xca, 0x0b, 0x5e, 0xb6, 0x64, 0xf5, 0x45, 0xc9, 0xcb, 0xec, 0xdd, 0xfa,
  0x60, 0x65, 0x03, 0x38, 0x15, 0xaf, 0xfd, 0xeb, 0x6f, 0x4c, 0x6e, 0x69, 0x4d, 0x5e, 0xe6, 0xcb,
  0xff, 0xfb, 0x92, 0xc1, 0xa3, 0x47, 0x2a, 0xb8, 0xd1, 0x96, 0x69, 0x1d, 0x33, 0x8b, 0xb8, 0x93,
  0x79, 0xa5, 0xee, 0x0c, 0x79, 0x52, 0x73, 0x57, 0x9c, 0xf3, 0xdc, 0xdf, 0x7a, 0x77, 0x91, 0x0b,
  0xb7, 0xb4, 0xcd, 0xa8, 0xde, 0x24, 0x63, 0xea, 0xed, 0xe9, 0x1a, 0xd7, 0x95, 0x26, 0x26, 0x4c,
  0x9c, 0x94, 0x7c, 0xf3, 0x82, 0xf2, 0x35, 0x4f, 0x6d, 0x4f, 0xbe, 0xd5, 0xf6, 0x23, 0x77, 0xfd,
  0x2c, 0xe1, 0xb3, 0x2d, 0x6d, 0x33, 0x92, 0x1f, 0xfe, 0xe0, 0x9a, 0xef, 0x96, 0x38, 0xd9, 0x28,
  0xda, 0xe7, 0x2c, 0x2e, 0xe6, 0x05, 0x73, 0xeb, 0xda, 0x9b, 0x13, 0x02, 0xb8, 0x21, 0x4d, 0x9d,
  0x31, 0x27, 0xf9, 0xdf, 0xa2, 0xf9, 0xa7, 0x5f, 0x4a, 0xf8, 0x6c, 0xdb, 0xcc, 0xf9, 0xc9, 0x0f,
  0x9f, 0x34, 0x65, 0x8c, 0x97, 0x97, 0xec, 0xbb, 0xe4, 0x2d, 0x7f, 0xbb, 0x68, 0xd5, 0xb3, 0x93,
  0x97, 0xf9, 0xf1, 0x27, 0xfe, 0xb8, 0xb2, 0x67, 0xb6, 0x4f, 0x98, 0x34, 0x79, 0xde, 0xf2, 0x73,
  0xc6, 0x5c, 0x6c, 0xf2, 0x94, 0xb6, 0xe3, 0xff, 0x7a, 0xfa, 0x73, 0x2f, 0x2b, 0x67, 0xa3, 0xf7,
  0xfc, 0xe8, 0x73, 0x23, 0xf9, 0x4a, 0xee, 0x6a, 0x4e, 0x69, 0x9f, 0xd9, 0x31, 0x7f, 0x79, 0x05,
  0x57, 0x58, 0x82, 0x49, 0x2d, 0x53, 0xc7, 0x3c, 0x28, 0xd2, 0x34, 0xd6, 0x6f, 0x81, 0xc7, 0xeb,
  0xc5, 0x6f, 0xfd, 0xe0, 0xc2, 0x33, 0x2e, 0x48, 0x5e, 0xe6, 0x47, 0xff, 0xfc, 0xce, 0x9d, 0x1b,
  0xee, 0xae, 0xec, 0x76, 0xc7, 0x25, 0x97, 0x6b, 0x1a, 0xf3, 0x2b, 0xd3, 0x3c, 0x65, 0x5a, 0x6d,
  0x86, 0xa9, 0x23, 0x75, 0x19, 0xc0, 0x63, 0x9e, 0x96, 0x39, 0x7b, 0xc9, 0xc9, 0xcf, 0x76, 0x9e,
  0xbd, 0x34, 0x29, 0x80, 0x0f, 0xed, 0xdd, 0x71, 0xf4, 0x70, 0xf7, 0x98, 0x4f, 0x23, 0x00, 0xa2,
  0x28, 0x5a, 0xbc, 0xea, 0xd9, 0x97, 0xbe, 0xed, 0xc3, 0xe9, 0xce, 0xd0, 0x32, 0xb5, 0x7d, 0xfe,
  0xa9, 0xe7, 0xa5, 0x3b, 0x43, 0x91, 0x7e, 0xfc, 0x89, 0x77, 0x1d, 0xd8, 0xb3, 0xb5, 0xf8, 0xe5,
  0xe7, 0x9f, 0x7a, 0xde, 0x95, 0x7f, 0x51, 0x99, 0x33, 0x4d, 0x80, 0x54, 0xb4, 0x75, 0xcc, 0xbf,
  0xfc, 0x3d, 0x9f, 0x4d, 0x7b, 0x8a, 0x72, 0x2d, 0x39, 0xfb, 0xf9, 0x97, 0xbc, 0xe9, 0x6f, 0xd2,
  0x9e, 0x02, 0x2a, 0xa9, 0x2e, 0x2f, 0x82, 0xd5, 0xd5, 0x99, 0x74, 0x04, 0xb8, 0x75, 0xc6, 0xdc,
  0x29, 0xed, 0x27, 0x8f, 0xd8, 0xe4, 0xeb, 0x60, 0x45, 0x45, 0x1c, 0x5b, 0x06, 0x00, 0x00, 0xa0,
  0x4e, 0xd5, 0x5f, 0x00, 0xc7, 0xf9, 0x7c, 0xd7, 0x96, 0xa4, 0x4c, 0x4d, 0xb8, 0xd8, 0x55, 0xf2,
  0xad, 0x80, 0xa3, 0xb1, 0xd2, 0x1a, 0x00, 0x00, 0x80, 0xfa, 0x55, 0x7f, 0xa7, 0x40, 0xf7, 0xec,
  0xde, 0x3c, 0xd4, 0xdf, 0x97, 0xb0, 0x40, 0xc2, 0x61, 0xde, 0xb6, 0x99, 0xf3, 0x9b, 0x5b, 0xdb,
  0x07, 0x7a, 0x0f, 0x8d, 0xb6, 0x40, 0xf2, 0xc5, 0xa5, 0x09, 0x5c, 0x7e, 0x78, 0x68, 0x68, 0xe0,
  0xe8, 0x50, 0x7f, 0x6f, 0x65, 0xdf, 0xed, 0x9c, 0x35, 0x71, 0x3e, 0x3f, 0x34, 0xd0, 0x37, 0xd4,
  0xdf, 0x17, 0xda, 0x9b, 0xe8, 0x6a, 0x23, 0x9f, 0x1f, 0x19, 0xea, 0xef, 0x1d, 0xea, 0xef, 0x2b,
  0xe1, 0xb2, 0x31, 0x64, 0x44, 0x1c, 0xe7, 0x87, 0x07, 0xfb, 0x87, 0xfa, 0xfb, 0x6a, 0x7f, 0x23,
  0x1f, 0x1a, 0xc0, 0xc8, 0xf0, 0xe0, 0x50, 0x7f, 0xdf, 0xd0, 0x40, 0xdf, 0xe0, 0xe8, 0x7b, 0x23,
  0x21, 0x8b, 0xe3, 0x7c, 0xe1, 0x47, 0xed, 0xe1, 0xfd, 0xbb, 0xd2, 0x9e, 0x05, 0x68, 0x4c, 0xf5,
  0x17, 0xc0, 0x5d, 0xa3, 0x5f, 0x52, 0xb2, 0x20, 0xe9, 0x30, 0x6f, 0x2e, 0x37, 0x67, 0xe9, 0x99,
  0x3b, 0x1e, 0xba, 0x63, 0xb4, 0xcf, 0xef, 0xdd, 0xbc, 0x3e, 0xce, 0xe7, 0xc7, 0xbc, 0x3a, 0x2e,
  0x8d, 0xea, 0xe0, 0xde, 0xed, 0xb7, 0xfe, 0xd7, 0xc7, 0x0b, 0x3f, 0x7a, 0x87, 0xfa, 0xfb, 0x0a,
  0xfb, 0x28, 0x43, 0xfd, 0x7d, 0x43, 0xfd, 0xbd, 0x83, 0x03, 0x7d, 0x09, 0x17, 0x28, 0xae, 0x3b,
  0xb7, 0x7f, 0xe7, 0x13, 0xc3, 0xfd, 0x7d, 0x83, 0x03, 0x7d, 0x43, 0xfd, 0xbd, 0x27, 0xfc, 0xf7,
  0x0e, 0x0f, 0xf6, 0xa7, 0x3d, 0x5d, 0x7d, 0x1b, 0xe8, 0x3d, 0x78, 0xdb, 0x7f, 0xff, 0x63, 0xe1,
  0x69, 0x53, 0xf8, 0xda, 0x1e, 0xff, 0x75, 0x4e, 0xb8, 0x5c, 0x24, 0x99, 0xf2, 0xc0, 0xcf, 0xbf,
  0x31, 0xa9, 0xa5, 0xf5, 0xc9, 0x7f, 0xbe, 0x27, 0x5f, 0x0d, 0xfa, 0x86, 0x06, 0x8f, 0x36, 0xcc,
  0x0d, 0x4e, 0xa9, 0x86, 0xfd, 0xdb, 0x36, 0xdc, 0xfa, 0xcd, 0x8f, 0x9f, 0xf4, 0x15, 0x60, 0xa8,
  0xbf, 0x6f, 0x5c, 0xd7, 0x42, 0x6b, 0x54, 0x77, 0x7f, 0xff, 0x33, 0xf9, 0xfc, 0xc8, 0x49, 0x5e,
  0x27, 0xfb, 0x83, 0xfe, 0x19, 0x14, 0xe7, 0xf3, 0x07, 0x76, 0x6f, 0x19, 0x19, 0x1e, 0x1c, 0x19,
  0x1a, 0x1c, 0x19, 0x1e, 0x7c, 0xf2, 0x0f, 0xc7, 0xfe, 0x3a, 0x34, 0x32, 0x34, 0x30, 0x32, 0x3c,
  0x94, 0x1f, 0x1a, 0x1c, 0x1e, 0x1e, 0x7c, 0xe2, 0x7f, 0x9f, 0xf8, 0xf8, 0xb1, 0x25, 0xfd, 0x94,
  0x81, 0xb1, 0xd4, 0x5f, 0x00, 0x8f, 0x79, 0x90, 0x36, 0xf9, 0x8d, 0xbe, 0xb3, 0x97, 0xae, 0x4a,
  0x08, 0xe0, 0xa1, 0x81, 0xbe, 0x9e, 0x9d, 0x8f, 0xce, 0x5c, 0x7c, 0x5a, 0x89, 0xc3, 0x51, 0xe7,
  0x7a, 0x7b, 0xba, 0xd6, 0xff, 0xa2, 0xee, 0x2f, 0x08, 0x5c, 0x8c, 0x07, 0x6e, 0xf8, 0x66, 0xda,
  0x23, 0x34, 0xac, 0xc1, 0xfe, 0xde, 0x07, 0x6e, 0xfc, 0xaf, 0xb4, 0xa7, 0xa0, 0x5c, 0xc9, 0x17,
  0x40, 0x86, 0x04, 0x07, 0xf6, 0x6c, 0x1d, 0xd7, 0x05, 0xcf, 0x02, 0xf4, 0xe0, 0xcd, 0xff, 0x93,
  0xf6, 0x08, 0x59, 0x34, 0x34, 0xd0, 0xf7, 0xed, 0x0f, 0x94, 0x7e, 0x3f, 0x4e, 0xa0, 0x48, 0xf5,
  0x17, 0xc0, 0xc9, 0x6f, 0xd3, 0x9d, 0xd2, 0x3e, 0x73, 0xea, 0xf4, 0xd9, 0x09, 0x0b, 0x8c, 0x79,
  0x1d, 0xac, 0x3d, 0x9b, 0xd7, 0x09, 0x60, 0x00, 0x00, 0x80, 0x13, 0x4c, 0x6a, 0x99, 0x3a, 0x73,
  0xd1, 0xa9, 0x63, 0x2e, 0x36, 0xda, 0x35, 0x89, 0xb3, 0xa0, 0xce, 0x02, 0x78, 0xb0, 0xef, 0x70,
  0xf2, 0x2d, 0xec, 0x67, 0x2d, 0x3e, 0x7d, 0x24, 0xf1, 0x3c, 0xd5, 0x8e, 0x85, 0x2b, 0x93, 0x37,
  0xd1, 0xd5, 0xf9, 0xc0, 0x99, 0x17, 0x67, 0xf4, 0xae, 0xcd, 0x00, 0x00, 0x00, 0x69, 0x99, 0xb5,
  0xf8, 0xf4, 0x7a, 0xbf, 0x4b, 0x5f, 0x9d, 0x05, 0x70, 0xd7, 0x96, 0xf5, 0xc9, 0x0b, 0xec, 0x78,
  0xf0, 0x57, 0x5f, 0xfc, 0xd3, 0x8b, 0xca, 0xd9, 0xc4, 0x98, 0x37, 0x19, 0x06, 0x00, 0x00, 0xa0,
  0x1e, 0xd5, 0x5b, 0x00, 0x77, 0x56, 0xfd, 0x2a, 0xcd, 0x07, 0x76, 0x6f, 0x19, 0xe8, 0x3b, 0xd4,
  0x3c, 0xb5, 0xbd, 0xda, 0x1b, 0x22, 0x83, 0x9a, 0x5b, 0xdb, 0xe7, 0x2d, 0x3f, 0xa7, 0x9c, 0x35,
  0x74, 0x2c, 0x5c, 0x51, 0xa9, 0x61, 0xaa, 0x6a, 0xc9, 0xd9, 0x17, 0xe5, 0xa2, 0x5c, 0xc9, 0x0f,
  0x9f, 0x3a, 0x63, 0x4e, 0x05, 0x87, 0x69, 0x30, 0x13, 0x26, 0x4d, 0x5e, 0x74, 0xc6, 0x85, 0xe5,
  0xac, 0x61, 0xf6, 0xb2, 0xb3, 0x2a, 0x35, 0x0c, 0x25, 0x9b, 0xb7, 0xf2, 0xdc, 0xe6, 0x29, 0xd3,
  0xca, 0x59, 0x43, 0xae, 0x69, 0xc2, 0xf1, 0x7f, 0x6d, 0x9f, 0xbb, 0xe4, 0x84, 0x8f, 0x24, 0x9b,
  0x36, 0x6b, 0x61, 0x39, 0x5b, 0x27, 0x45, 0x53, 0xa7, 0xcf, 0x9e, 0xbd, 0xe4, 0x8c, 0x72, 0xd6,
  0xd0, 0x3e, 0x77, 0x49, 0xa5, 0x86, 0xc9, 0xa6, 0x45, 0x67, 0x3e, 0x7b, 0xc2, 0x84, 0x49, 0x25,
  0x3f, 0x7c, 0xf2, 0x94, 0xb6, 0x0a, 0x0e, 0x53, 0xef, 0x26, 0x4e, 0x6a, 0x6e, 0x9d, 0x39, 0xaf,
  0xad, 0x63, 0x7e, 0xeb, 0xcc, 0x79, 0x6d, 0x1d, 0xf3, 0x7e, 0xfd, 0xd3, 0xff, 0x88, 0xf3, 0xf9,
  0xb4, 0x87, 0x82, 0x4c, 0xab, 0xb3, 0x00, 0xae, 0xcd, 0x6d, 0x8a, 0xf6, 0x6e, 0x5e, 0xbf, 0x78,
  0xf5, 0xf3, 0x6a, 0xb0, 0x21, 0xb2, 0x66, 0xd6, 0xa2, 0xd3, 0x5e, 0xf9, 0x67, 0xff, 0x9a, 0xf6,
  0x14, 0xb5, 0xf0, 0xca, 0x3f, 0xf9, 0x17, 0x57, 0x3b, 0xaf, 0x92, 0xa9, 0xed, 0xb3, 0x03, 0x79,
  0x16, 0x35, 0xb6, 0xe7, 0xbd, 0xee, 0x3d, 0x73, 0x97, 0xad, 0xae, 0xe0, 0x0a, 0x5f, 0xf9, 0xa7,
  0xff, 0x52, 0xc1, 0xb5, 0x91, 0x65, 0x0b, 0x4e, 0x3f, 0xff, 0x25, 0x6f, 0xfb, 0x48, 0xda, 0x53,
  0x64, 0xda, 0x4b, 0xde, 0xfe, 0xd1, 0x96, 0xd6, 0xe9, 0x69, 0x4f, 0x51, 0x7f, 0xa6, 0xb4, 0xcf,
  0x5c, 0x7c, 0xd6, 0x73, 0x8f, 0xb5, 0xee, 0x8c, 0xb9, 0x85, 0xee, 0x6d, 0x9e, 0x3a, 0x2d, 0xca,
  0x3d, 0xf9, 0x1b, 0xed, 0xfb, 0xaf, 0xfb, 0xca, 0x48, 0xde, 0x85, 0xa0, 0x21, 0x49, 0x5d, 0x05,
  0x70, 0x1c, 0x27, 0x5f, 0x01, 0xab, 0x52, 0xf6, 0x6c, 0x5e, 0x27, 0x80, 0x01, 0x00, 0xc8, 0x8e,
  0xf9, 0xa7, 0x9e, 0xf7, 0xe2, 0xb7, 0x7c, 0x30, 0xed, 0x29, 0xa0, 0xee, 0xd5, 0xd3, 0x21, 0xa0,
  0x03, 0x5d, 0xdb, 0x06, 0xfa, 0x6a, 0x71, 0xd7, 0xf8, 0x3d, 0xd5, 0x3f, 0xd1, 0x1a, 0x00, 0x00,
  0x80, 0x1a, 0xab, 0xa7, 0x00, 0xae, 0xc1, 0x1b, 0x80, 0x8f, 0x6d, 0x68, 0xf3, 0x03, 0x71, 0xec,
  0xed, 0x13, 0x00, 0x00, 0x00, 0x0d, 0x45, 0x00, 0x9f, 0xc4, 0x60, 0xdf, 0xe1, 0x83, 0x7b, 0xb6,
  0xd5, 0x66, 0x5b, 0x00, 0x00, 0x00, 0xd4, 0x46, 0x3d, 0xbd, 0x07, 0x78, 0xcc, 0x2b, 0x60, 0xcd,
  0x5d, 0x71, 0x4e, 0x4b, 0x71, 0x57, 0x6f, 0xde, 0xb7, 0xed, 0xe1, 0xbe, 0x43, 0xfb, 0x13, 0x16,
  0xe8, 0xea, 0x5c, 0x37, 0x63, 0xfe, 0xb2, 0xe2, 0x67, 0x03, 0x00, 0x00, 0x20, 0xe3, 0xea, 0x26,
  0x80, 0x87, 0x06, 0xfa, 0xba, 0x77, 0x3c, 0x92, 0xbc, 0xcc, 0xcb, 0xfe, 0xe8, 0xef, 0x5b, 0x67,
  0xcc, 0x2d, 0x66, 0x6d, 0x77, 0x7c, 0xf7, 0x93, 0xf7, 0xff, 0xec, 0x2b, 0x09, 0x0b, 0xec, 0xe9,
  0x5c, 0x77, 0xfa, 0x45, 0x57, 0x8c, 0x63, 0x3e, 0x2a, 0xed, 0x57, 0xdf, 0xfe, 0xc4, 0xa4, 0x29,
  0xad, 0xc9, 0xcb, 0x1c, 0xe9, 0xde, 0x5d, 0xd9, 0x8d, 0x76, 0xef, 0xea, 0xbc, 0xe1, 0x0b, 0xef,
  0x2b, 0xf9, 0xe1, 0xe7, 0xbe, 0xec, 0x8d, 0x73, 0x4e, 0x19, 0xdf, 0x0d, 0x6c, 0x86, 0xfb, 0xfb,
  0x8a, 0xd9, 0xe2, 0xbe, 0x6d, 0x0f, 0x97, 0x3a, 0xd4, 0xc9, 0xdd, 0xf0, 0xc5, 0xf7, 0xe7, 0x72,
  0x25, 0xde, 0x06, 0x69, 0xc9, 0x59, 0xcf, 0xab, 0x97, 0xef, 0x8e, 0xfb, 0x7e, 0xfa, 0xe5, 0x8d,
  0xb7, 0xff, 0x28, 0x79, 0x99, 0x81, 0x23, 0x07, 0x2b, 0xbb, 0xd1, 0xa3, 0x87, 0xbb, 0xcb, 0x79,
  0x16, 0x9d, 0xfe, 0xdc, 0xcb, 0x97, 0x9c, 0x5d, 0xd6, 0xcd, 0xcc, 0x6b, 0x66, 0xf7, 0xa3, 0xf7,
  0x17, 0xf3, 0x5f, 0xfa, 0xe2, 0x37, 0x7f, 0xa0, 0x69, 0x62, 0xe9, 0xf7, 0x3b, 0x49, 0xcb, 0xdd,
  0xdf, 0xff, 0x4c, 0x73, 0x5b, 0x89, 0x57, 0xa9, 0x9d, 0x3e, 0x77, 0xe9, 0x05, 0x57, 0xbe, 0xb3,
  0xb2, 0xf3, 0x10, 0x45, 0xd1, 0xfe, 0x6d, 0x1b, 0x8a, 0x79, 0xca, 0x1d, 0xdc, 0xbd, 0xb5, 0x06,
  0xc3, 0x24, 0xd8, 0xf3, 0x48, 0x51, 0xdf, 0x1a, 0xa3, 0xb9, 0xf0, 0xca, 0x77, 0x35, 0xfc, 0x6d,
  0x90, 0x6e, 0xfe, 0xea, 0x87, 0x26, 0x94, 0xfa, 0xb2, 0x30, 0xff, 0xd4, 0xf3, 0x56, 0x5f, 0xf2,
  0xba, 0xca, 0xce, 0x53, 0x25, 0x7d, 0x07, 0xf7, 0x15, 0xf3, 0x4c, 0x78, 0xd6, 0xe5, 0xef, 0x28,
  0xf2, 0xa0, 0xcb, 0xd1, 0x43, 0xdd, 0x3b, 0x1e, 0xba, 0x23, 0x79, 0x99, 0x8a, 0xdf, 0x03, 0x69,
  0xd7, 0x86, 0x7b, 0x8a, 0xf9, 0xaf, 0xb8, 0xf4, 0x7f, 0x7d, 0x28, 0x97, 0xab, 0xd6, 0x89, 0xa5,
  0x07, 0x76, 0x6f, 0x19, 0xf3, 0x3f, 0x7c, 0xa8, 0xbf, 0xaf, 0x4a, 0x5b, 0xcf, 0xb2, 0xfc, 0xc8,
  0xf0, 0x98, 0x5f, 0x99, 0x7d, 0x3b, 0x36, 0xd6, 0x66, 0x98, 0x3a, 0x52, 0x37, 0x01, 0xbc, 0x77,
  0xeb, 0x43, 0xc9, 0xef, 0xcb, 0x9d, 0x32, 0x6d, 0x66, 0xeb, 0xf4, 0x62, 0xef, 0x4d, 0x3a, 0x7b,
  0xe9, 0xaa, 0xe4, 0x05, 0x6a, 0x73, 0xbf, 0xa5, 0x90, 0x2d, 0x3a, 0xeb, 0x39, 0xeb, 0x6f, 0xfa,
  0x76, 0xc2, 0xcb, 0xf4, 0xb6, 0x07, 0x6e, 0xad, 0xe5, 0x3c, 0x05, 0xfd, 0x87, 0x7b, 0x1e, 0xbd,
  0xeb, 0xba, 0x92, 0x1f, 0xbe, 0xf2, 0xc2, 0x57, 0xcc, 0x39, 0x65, 0x7c, 0x0f, 0xc9, 0xe7, 0x47,
  0xca, 0xd9, 0x62, 0x41, 0xc7, 0x82, 0x15, 0x6d, 0x33, 0xe7, 0x8f, 0xeb, 0x21, 0x9d, 0x77, 0x5f,
  0x5f, 0xf2, 0xe6, 0x5a, 0xda, 0x66, 0x64, 0x24, 0x80, 0xe7, 0x9f, 0xf6, 0xcc, 0x89, 0xcd, 0x53,
  0x86, 0x07, 0x8e, 0x8e, 0xb6, 0xc0, 0xae, 0x4d, 0xf7, 0xd6, 0x72, 0x9e, 0x82, 0xe1, 0xc1, 0xfe,
  0x72, 0xfe, 0x4d, 0xe7, 0x2d, 0x3f, 0x27, 0x23, 0x01, 0xdc, 0x34, 0x69, 0xf2, 0xc4, 0x49, 0xcd,
  0xc3, 0x43, 0x03, 0xa3, 0x2d, 0x70, 0xa4, 0x7b, 0x77, 0x31, 0xbf, 0x84, 0x7a, 0xd1, 0x9b, 0xfe,
  0xa6, 0x9e, 0xde, 0x6c, 0xf3, 0xb8, 0x31, 0x77, 0x29, 0x12, 0xcc, 0x5b, 0x71, 0xae, 0x00, 0xae,
  0x86, 0xbe, 0x43, 0xfb, 0xcb, 0x7f, 0xc1, 0xac, 0xc1, 0xf7, 0xd7, 0x91, 0x9e, 0x3d, 0x47, 0xca,
  0x98, 0xf3, 0x9c, 0x97, 0xfe, 0x7e, 0x51, 0x27, 0xb3, 0xd5, 0xb3, 0x2d, 0xbf, 0xfe, 0x45, 0xc9,
  0x8f, 0x6d, 0x6a, 0x9a, 0x98, 0x9d, 0x00, 0x6e, 0x99, 0xda, 0x7e, 0x64, 0xff, 0xae, 0xd1, 0x3e,
  0x3b, 0x34, 0xd0, 0x57, 0xcc, 0x33, 0x76, 0xf5, 0x8b, 0x7e, 0x27, 0x9a, 0xbf, 0x2c, 0x8a, 0xa2,
  0xa6, 0x09, 0x13, 0x93, 0x7f, 0xa8, 0xed, 0x7e, 0xe4, 0xbe, 0x9f, 0xfc, 0xcb, 0x9f, 0x94, 0x34,
  0xe9, 0xa8, 0x26, 0x4c, 0x6a, 0x9e, 0x30, 0x69, 0xf2, 0xc8, 0xd0, 0xa8, 0x77, 0x4e, 0x3a, 0xbc,
  0x7f, 0xe7, 0xe1, 0xfd, 0x3b, 0xc7, 0x5c, 0xcf, 0xa5, 0x6f, 0xfd, 0x50, 0x54, 0xe2, 0xef, 0xd5,
  0xc7, 0xf6, 0xe0, 0x4d, 0xdf, 0x79, 0xf0, 0xa6, 0xef, 0x54, 0x6b, 0xed, 0xf5, 0x6c, 0x78, 0xb0,
  0xbf, 0xe2, 0x4f, 0x89, 0x10, 0xd4, 0xcd, 0x6e, 0xc9, 0x98, 0x6f, 0x00, 0x9e, 0xb5, 0xf4, 0x8c,
  0xa8, 0xe8, 0x23, 0x5a, 0xb3, 0x97, 0x8c, 0x11, 0xc0, 0x3d, 0x8f, 0x3d, 0x1a, 0xe6, 0x6f, 0x92,
  0x6a, 0xe6, 0x94, 0x73, 0x5f, 0xf8, 0x92, 0xb7, 0x7d, 0xa4, 0xf6, 0xb7, 0xa2, 0x3d, 0xff, 0xb2,
  0xb7, 0xd5, 0x78, 0x8b, 0xd5, 0xd6, 0xb1, 0x60, 0xc5, 0xe5, 0x57, 0x5d, 0x3d, 0x79, 0x4a, 0xdb,
  0xf1, 0x1f, 0x3c, 0xf7, 0xe5, 0x6f, 0x9c, 0x30, 0x69, 0x72, 0x5a, 0x23, 0xd5, 0xcc, 0xdc, 0x65,
  0xab, 0x5f, 0xf5, 0x67, 0xff, 0x3a, 0xb1, 0x79, 0x4a, 0x8d, 0xb7, 0xfb, 0xcc, 0xdf, 0x78, 0x6b,
  0xf1, 0xaf, 0x36, 0xf5, 0x6b, 0x72, 0x4b, 0xeb, 0x2b, 0xff, 0xfc, 0x93, 0x13, 0x27, 0x35, 0xa7,
  0x3d, 0x48, 0x55, 0x9c, 0x71, 0xd1, 0x15, 0x45, 0x9e, 0x31, 0x44, 0x23, 0x59, 0xf6, 0xcc, 0x17,
  0x97, 0x7f, 0x87, 0xde, 0x96, 0xd6, 0xe9, 0x67, 0xbd, 0xe8, 0xb7, 0x2b, 0x32, 0x4f, 0xa3, 0x3a,
  0xe7, 0xd2, 0x37, 0x4c, 0x6a, 0x99, 0x9a, 0xf6, 0x14, 0xb5, 0xf0, 0xb2, 0x77, 0xfd, 0x43, 0xdb,
  0xac, 0x05, 0x95, 0x5a, 0xdb, 0xc4, 0xc9, 0x2d, 0xbf, 0xf1, 0xe7, 0x9f, 0xaa, 0xf1, 0x0f, 0xb5,
  0x96, 0xd6, 0xe9, 0xaf, 0xf8, 0x93, 0x4f, 0xa4, 0xbb, 0xcf, 0xb0, 0xf0, 0xf4, 0x0b, 0xe6, 0x9f,
  0x7a, 0x5e, 0x55, 0x37, 0x51, 0xbf, 0xbb, 0x7f, 0xe7, 0xbd, 0xf2, 0xcd, 0x4d, 0x4d, 0x13, 0xaa,
  0xb7, 0xfe, 0x8e, 0x05, 0x2b, 0x96, 0x9f, 0xff, 0x92, 0xea, 0xad, 0x3f, 0x9b, 0x1a, 0x27, 0x80,
  0xc7, 0x3c, 0xa8, 0x7b, 0xbc, 0xf6, 0xb9, 0x8b, 0x27, 0x35, 0x27, 0xbd, 0x34, 0xc7, 0x71, 0x7e,
  0xef, 0xd6, 0x07, 0x8b, 0x5f, 0x21, 0x25, 0x58, 0xf1, 0xac, 0x97, 0xd6, 0xbe, 0x81, 0xcf, 0xbf,
  0xfc, 0xed, 0x17, 0x5c, 0xf1, 0x47, 0xb5, 0xdc, 0x62, 0x55, 0x15, 0xea, 0x77, 0x4a, 0xfb, 0xcc,
  0x13, 0x3e, 0xbe, 0x68, 0xd5, 0xb3, 0x5f, 0xf9, 0xa7, 0xff, 0x12, 0x42, 0x03, 0x2f, 0x38, 0xed,
  0xfc, 0xda, 0x37, 0xf0, 0x19, 0x17, 0x5d, 0xf9, 0xa2, 0x3f, 0xfc, 0xeb, 0x10, 0x1a, 0x78, 0xe1,
  0xe9, 0xcf, 0x6a, 0xd4, 0x06, 0x6e, 0x9f, 0xbb, 0xe4, 0x8a, 0xf7, 0x7c, 0x56, 0x03, 0x07, 0x65,
  0xd9, 0x33, 0x5f, 0xfc, 0xd2, 0xb7, 0x7f, 0xb4, 0x69, 0x42, 0xd9, 0xe7, 0xbe, 0xe5, 0x72, 0x2f,
  0x78, 0xc3, 0x7b, 0x35, 0x70, 0x82, 0xb9, 0x2b, 0xce, 0xb9, 0xec, 0xdd, 0x9f, 0x0e, 0xa1, 0x81,
  0xa7, 0xcd, 0x5a, 0x78, 0xc5, 0x7b, 0x3e, 0x5b, 0xc1, 0x06, 0x9e, 0x7f, 0xea, 0x79, 0xb5, 0x6f,
  0xe0, 0xc5, 0x67, 0x3e, 0x27, 0xdd, 0x06, 0x9e, 0xd4, 0x32, 0xf5, 0x55, 0x7f, 0xf6, 0xc9, 0xea,
  0x35, 0xf0, 0xf3, 0xdf, 0xf0, 0x97, 0xd9, 0x39, 0x6b, 0x60, 0xbc, 0x96, 0x9f, 0x7f, 0xe9, 0x4b,
  0xde, 0xfe, 0xd1, 0x2a, 0x35, 0xf0, 0x68, 0xbb, 0x91, 0x0d, 0xaf, 0x4e, 0x02, 0x38, 0x8e, 0xc7,
  0x3c, 0x27, 0x79, 0x5c, 0x01, 0x9c, 0xcb, 0x35, 0xcd, 0x5a, 0x7a, 0x46, 0xf2, 0x32, 0x35, 0xbb,
  0xe8, 0x74, 0xc8, 0x34, 0x70, 0x39, 0x92, 0x5f, 0xb6, 0x34, 0x70, 0x55, 0x69, 0xe0, 0x06, 0xa0,
  0x81, 0x83, 0x52, 0xb1, 0xfa, 0x2d, 0xd0, 0xc0, 0x63, 0xd1, 0xc0, 0x25, 0xd3, 0xc0, 0x95, 0x55,
  0xd7, 0xf5, 0x5b, 0x50, 0xa5, 0x06, 0x0e, 0xb6, 0x7e, 0xa3, 0x7a, 0x09, 0xe0, 0xc3, 0xfb, 0x77,
  0x1d, 0x3d, 0xd4, 0x9d, 0xbc, 0xcc, 0xb8, 0x02, 0xb8, 0x98, 0xe5, 0xf7, 0x08, 0xe0, 0x9a, 0xd0,
  0xc0, 0xa5, 0x29, 0xe6, 0x65, 0x4b, 0x03, 0x57, 0x95, 0x06, 0x6e, 0x00, 0x1a, 0x38, 0x10, 0x15,
  0xae, 0xdf, 0x02, 0x0d, 0x3c, 0x16, 0x0d, 0x5c, 0x32, 0x0d, 0x5c, 0x29, 0x0d, 0x50, 0xbf, 0x05,
  0x15, 0x6f, 0xe0, 0x90, 0xeb, 0x37, 0xaa, 0x97, 0x00, 0x1e, 0xf3, 0xf0, 0xef, 0xe4, 0x29, 0x6d,
  0xed, 0xb3, 0x16, 0x8e, 0x6b, 0x9d, 0x45, 0x5d, 0x07, 0x2b, 0x8e, 0xc7, 0xb5, 0x4e, 0x4a, 0xa3,
  0x81, 0xc7, 0xab, 0xf8, 0x97, 0x2d, 0x0d, 0x5c, 0x55, 0x1a, 0xb8, 0x01, 0x68, 0xe0, 0x86, 0x57,
  0x95, 0xfa, 0x2d, 0xd0, 0xc0, 0x63, 0xd1, 0xc0, 0x25, 0xd3, 0xc0, 0xe5, 0x6b, 0x98, 0xfa, 0x2d,
  0xa8, 0x60, 0x03, 0x07, 0x5e, 0xbf, 0x51, 0xbd, 0x04, 0xf0, 0xd8, 0x6f, 0x00, 0x5e, 0x32, 0x8e,
  0x2b, 0x60, 0x3d, 0xf9, 0x90, 0x44, 0xfd, 0x87, 0x7b, 0x0e, 0x15, 0x71, 0xd5, 0x3b, 0x2a, 0x42,
  0x03, 0x17, 0x6f, 0xbc, 0x2f, 0x5b, 0x1a, 0xb8, 0xaa, 0x34, 0x70, 0x03, 0xd0, 0xc0, 0x0d, 0xac,
  0x8a, 0xf5, 0x5b, 0xa0, 0x81, 0xc7, 0xa2, 0x81, 0x4b, 0xa6, 0x81, 0xcb, 0xd1, 0x60, 0xf5, 0x5b,
  0x50, 0x91, 0x06, 0x56, 0xbf, 0x51, 0xe3, 0x04, 0xf0, 0x38, 0xcf, 0x7f, 0x8e, 0xa2, 0x68, 0xc6,
  0x82, 0xe5, 0x63, 0x7e, 0x7b, 0x7b, 0x1b, 0x70, 0x2d, 0x69, 0xe0, 0x62, 0x94, 0xf6, 0xb2, 0xa5,
  0x81, 0xab, 0x4a, 0x03, 0x37, 0x00, 0x0d, 0xdc, 0x90, 0xaa, 0x5e, 0xbf, 0x05, 0x1a, 0x78, 0x2c,
  0x1a, 0xb8, 0x64, 0x1a, 0xb8, 0x34, 0x0d, 0x59, 0xbf, 0x05, 0x65, 0x36, 0xb0, 0xfa, 0x2d, 0xc8,
  0xc5, 0xf5, 0x70, 0x96, 0xef, 0x63, 0x0f, 0xdd, 0x99, 0x1f, 0x19, 0x4e, 0x58, 0x60, 0xc6, 0x82,
  0x65, 0xd3, 0xc6, 0x79, 0x0a, 0x74, 0x14, 0x45, 0xbb, 0x36, 0xde, 0x3b, 0x3c, 0xd8, 0x9f, 0xb0,
  0x40, 0xfb, 0xdc, 0xc5, 0xd3, 0xe7, 0x2e, 0x2d, 0xfc, 0x79, 0xef, 0xd6, 0x07, 0xfb, 0x0f, 0x1f,
  0x48, 0x58, 0x78, 0xf1, 0xea, 0xe7, 0x8e, 0x79, 0x07, 0xf0, 0x1d, 0xeb, 0x6f, 0x4f, 0xf8, 0x82,
  0x37, 0x4f, 0x9d, 0x36, 0x77, 0xc5, 0x39, 0xc9, 0x6b, 0x18, 0xd3, 0xc1, 0x3d, 0xdb, 0x0e, 0xed,
  0xdd, 0x91, 0xb0, 0xc0, 0xbc, 0x15, 0xe7, 0x4c, 0x9e, 0x3a, 0xed, 0xf8, 0x8f, 0xec, 0xdf, 0xbe,
  0xb1, 0xef, 0xe0, 0xbe, 0x84, 0x87, 0x2c, 0x5a, 0x75, 0x61, 0xd3, 0x58, 0x37, 0xac, 0x4f, 0xfe,
  0x37, 0x9a, 0xd4, 0x32, 0xb5, 0xc8, 0x17, 0xb2, 0x7d, 0xdb, 0x37, 0x1c, 0x3d, 0xb8, 0xbf, 0x98,
  0x25, 0x8b, 0xd1, 0xb1, 0xb0, 0xa8, 0x1b, 0xe4, 0xee, 0xda, 0x74, 0xef, 0xf0, 0x40, 0xd2, 0x33,
  0xa1, 0x48, 0xb3, 0x97, 0xae, 0x7a, 0xfa, 0x6b, 0xca, 0xf7, 0x3e, 0xf2, 0x87, 0x09, 0x57, 0x14,
  0x9f, 0xd8, 0x3c, 0xe5, 0x65, 0xef, 0xf8, 0xfb, 0xe2, 0x37, 0x31, 0xe7, 0x94, 0x33, 0x5b, 0xa6,
  0x75, 0x94, 0x36, 0x5e, 0xcf, 0xce, 0xce, 0x62, 0xee, 0xda, 0x3a, 0xa6, 0xb6, 0x59, 0xf3, 0x3b,
  0x16, 0xac, 0x38, 0xe1, 0x83, 0x07, 0xf6, 0x6c, 0x3d, 0xbc, 0xf7, 0xb1, 0x84, 0x47, 0xcd, 0x5b,
  0x79, 0xee, 0x09, 0xf7, 0x6a, 0x7a, 0xba, 0xdd, 0x8f, 0xde, 0x3f, 0x74, 0xb4, 0x77, 0xb4, 0xcf,
  0xe6, 0x26, 0x4c, 0x58, 0x7c, 0xe6, 0x73, 0x8a, 0x99, 0xf0, 0xc0, 0xee, 0x2d, 0x87, 0xf7, 0x55,
  0xec, 0xf4, 0x8d, 0x69, 0x73, 0x16, 0xcd, 0x98, 0x37, 0xf6, 0xfd, 0x9d, 0xf7, 0x6e, 0x79, 0xb0,
  0xff, 0x48, 0xd2, 0x4b, 0x44, 0x91, 0x4e, 0xfa, 0x6a, 0xb6, 0x6f, 0xdb, 0xc3, 0xc9, 0xd7, 0x41,
  0x58, 0x74, 0xd6, 0x73, 0xc6, 0xfc, 0x71, 0xb8, 0xe3, 0xa1, 0x3b, 0xe2, 0x91, 0x91, 0xd1, 0x3e,
  0x3b, 0x79, 0x4a, 0xdb, 0xbc, 0x95, 0xe7, 0x16, 0x33, 0x61, 0xcf, 0xae, 0xce, 0x23, 0xfb, 0xc7,
  0xf1, 0x44, 0x5a, 0x7c, 0xd6, 0x73, 0x4b, 0xfe, 0xc5, 0x56, 0x1c, 0xe7, 0x77, 0xac, 0xff, 0x55,
  0xc2, 0x02, 0x2d, 0xd3, 0x66, 0xcc, 0x39, 0xe5, 0xac, 0xd2, 0x56, 0xfe, 0x74, 0xbd, 0x3d, 0x5d,
  0xdd, 0x8f, 0x3d, 0x52, 0xfe, 0x7a, 0x26, 0x4f, 0x6d, 0x9b, 0xb7, 0xa2, 0xa8, 0x2f, 0xe6, 0xb8,
  0x74, 0xef, 0xd8, 0xd4, 0x7b, 0x60, 0x6f, 0xc2, 0x02, 0x0b, 0xcf, 0xb8, 0xe0, 0x84, 0x7d, 0xd6,
  0xae, 0xce, 0x75, 0x03, 0x7d, 0x87, 0x47, 0x5b, 0x7e, 0xcc, 0x39, 0x93, 0xb7, 0xd8, 0xd2, 0x36,
  0x63, 0xce, 0xb2, 0xa4, 0x2f, 0x7e, 0xf2, 0xf3, 0x76, 0xe2, 0xe4, 0x96, 0x05, 0xa7, 0x9f, 0x7f,
  0xfc, 0x47, 0xf2, 0xf9, 0x91, 0x2f, 0xbc, 0x2b, 0xe9, 0x7b, 0x7c, 0xf6, 0x29, 0x67, 0x5e, 0x78,
  0xe5, 0xbb, 0x12, 0x16, 0x78, 0x8a, 0x5c, 0xb4, 0x68, 0xd5, 0xb3, 0x8b, 0xa9, 0xdf, 0xc3, 0xfb,
  0x77, 0x1e, 0xd8, 0xb5, 0x25, 0x69, 0xbb, 0x27, 0x7b, 0x6d, 0x3f, 0x51, 0x1c, 0x3f, 0xf6, 0xf0,
  0x5d, 0xc9, 0xfb, 0x2a, 0x45, 0x7a, 0xfa, 0x8f, 0xe9, 0x28, 0x8a, 0x76, 0x3e, 0x7c, 0xd7, 0xc8,
  0xf0, 0xd0, 0x68, 0x0f, 0x99, 0x3a, 0x7d, 0xf6, 0xac, 0x25, 0xa7, 0x27, 0xac, 0x33, 0xf9, 0x99,
  0xd0, 0x3a, 0x73, 0xde, 0xcc, 0x85, 0x2b, 0x13, 0x1e, 0xbe, 0xfb, 0x91, 0xfb, 0x12, 0xee, 0x0d,
  0xd9, 0xdc, 0x36, 0x7d, 0xee, 0xb2, 0xd5, 0x09, 0x0f, 0x2f, 0x18, 0x73, 0xff, 0xa4, 0x48, 0x53,
  0x67, 0xcc, 0x9e, 0xb5, 0xf8, 0xc4, 0xff, 0xd8, 0x43, 0x7b, 0x77, 0x1c, 0xdc, 0xb3, 0x2d, 0xe1,
  0x51, 0x73, 0x96, 0x9d, 0xd5, 0xd2, 0x36, 0x23, 0x79, 0xcd, 0x5d, 0x5b, 0xd6, 0x0f, 0x1c, 0x39,
  0x98, 0xb0, 0x40, 0x91, 0x37, 0x91, 0xee, 0x3d, 0xd0, 0xd5, 0xbd, 0x63, 0x1c, 0xaf, 0x24, 0x73,
  0x97, 0x9f, 0xdd, 0xdc, 0x9a, 0x74, 0xef, 0xe7, 0x0a, 0xfe, 0x50, 0x2b, 0x7e, 0x57, 0x73, 0xbc,
  0xfb, 0x0c, 0x4b, 0x56, 0x3f, 0xef, 0x89, 0x5f, 0x04, 0x57, 0x64, 0xc7, 0x72, 0x68, 0xa0, 0x6f,
  0xf7, 0xa6, 0xfb, 0x8a, 0x1f, 0xe0, 0x09, 0x45, 0xbe, 0x02, 0x8f, 0xfd, 0x9c, 0x59, 0xbe, 0xba,
  0xa5, 0x75, 0x7a, 0xf2, 0x4a, 0xba, 0x36, 0x3f, 0x30, 0xd0, 0x7b, 0x68, 0xd4, 0x4f, 0xe7, 0xa2,
  0x25, 0xab, 0xab, 0x72, 0xe3, 0xf1, 0x31, 0xbf, 0xc2, 0xa3, 0x29, 0x72, 0x37, 0xb2, 0x06, 0xc1,
  0x92, 0xae, 0xfa, 0x08, 0x60, 0xa8, 0x5f, 0xc9, 0x01, 0x3c, 0x79, 0xea, 0xb4, 0x37, 0x7f, 0xe2,
  0x17, 0xb5, 0x9c, 0x07, 0x20, 0x9b, 0xc6, 0x0c, 0xe0, 0x25, 0x67, 0x5f, 0xf4, 0xaa, 0x3f, 0xfb,
  0x64, 0xcd, 0xe6, 0x01, 0xa0, 0x21, 0xd5, 0xc7, 0x29, 0xd0, 0x00, 0x00, 0x00, 0x50, 0x26, 0x01,
  0x0c, 0x00, 0x00, 0x40, 0x10, 0x04, 0x30, 0x00, 0x00, 0x00, 0x41, 0x10, 0xc0, 0x00, 0x00, 0x00,
  0x04, 0x41, 0x00, 0x03, 0x00, 0x00, 0x10, 0x04, 0x01, 0x0c, 0x00, 0x00, 0x40, 0x10, 0x04, 0x30,
  0x00, 0x00, 0x00, 0x41, 0x70, 0x1f, 0x60, 0xa8, 0xae, 0xee, 0x1d, 0x9b, 0x86, 0x06, 0x8e, 0x8e,
  0xf6, 0xd9, 0x5c, 0x53, 0xd3, 0xdc, 0xe5, 0x67, 0xd7, 0x72, 0x1e, 0x80, 0x8c, 0x8a, 0xe3, 0x3d,
  0x9d, 0xeb, 0x12, 0x3e, 0x3f, 0x79, 0x6a, 0x5b, 0xc7, 0x82, 0x15, 0x35, 0x1b, 0x07, 0x80, 0x86,
  0x24, 0x80, 0x01, 0x00, 0x00, 0x08, 0x82, 0x53, 0xa0, 0x01, 0x00, 0x00, 0x08, 0x82, 0x00, 0x06,
  0x00, 0x00, 0x20, 0x08, 0x02, 0x18, 0x00, 0x00, 0x80, 0x20, 0x08, 0x60, 0x00, 0x00, 0x00, 0x82,
  0x20, 0x80, 0x01, 0x00, 0x00, 0x08, 0x82, 0x00, 0x06, 0x00, 0x00, 0x20, 0x08, 0x02, 0x18, 0x00,
  0x00, 0x80, 0x20, 0x08, 0x60, 0x00, 0x00, 0x00, 0x82, 0x20, 0x80, 0x01, 0x00, 0x00, 0x08, 0x82,
  0x00, 0x06, 0x00, 0x00, 0x20, 0x08, 0x02, 0x18, 0x00, 0x00, 0x80, 0x20, 0x08, 0x60, 0x00, 0x00,
  0x00, 0x82, 0x20, 0x80, 0x01, 0x00, 0x00, 0x08, 0x82, 0x00, 0x06, 0x00, 0x00, 0x20, 0x08, 0x02,
  0x18, 0x00, 0x00, 0x80, 0x20, 0x08, 0x60, 0x00, 0x00, 0x00, 0x82, 0x20, 0x80, 0x01, 0x00, 0x00,
  0x08, 0x82, 0x00, 0x06, 0x00, 0x00, 0x20, 0x08, 0x02, 0x18, 0x00, 0x00, 0x80, 0x20, 0x08, 0x60,
  0x00, 0x00, 0x00, 0x82, 0x20, 0x80, 0x01, 0x00, 0x00, 0x08, 0x82, 0x00, 0x06, 0x00, 0x00, 0x20,
  0x08, 0x02, 0x18, 0x00, 0x00, 0x80, 0x20, 0x08, 0x60, 0x00, 0x00, 0x00, 0x82, 0x20, 0x80, 0x01,
  0x00, 0x00, 0x08, 0x82, 0x00, 0x06, 0x00, 0x00, 0x20, 0x08, 0x13, 0xd3, 0x1e, 0x00, 0x00, 0x38,
  0x89, 0x9d, 0x1b, 0xee, 0xfe, 0xd5, 0xb7, 0x3f, 0x91, 0xb0, 0xc0, 0x79, 0xaf, 0x7c, 0xf3, 0x8a,
  0x0b, 0x5e, 0x56, 0xb3, 0x79, 0x00, 0xa0, 0x01, 0x08, 0xe0, 0xd0, 0x6d, 0xbd, 0xff, 0xe6, 0xbe,
  0x43, 0xfb, 0x4a, 0x7e, 0xf8, 0x8a, 0xf3, 0x5f, 0xda, 0xdc, 0xda, 0x9e, 0xb0, 0xc0, 0xe6, 0x7b,
  0x6f, 0xec, 0xef, 0x3d, 0x90, 0xb0, 0x40, 0xfb, 0x9c, 0xc5, 0x8b, 0x56, 0x3d, 0xbb, 0xe4, 0x01,
  0x92, 0x75, 0xde, 0xf3, 0xf3, 0x81, 0xbe, 0x43, 0x09, 0x0b, 0x4c, 0x9f, 0xb3, 0x64, 0xe1, 0xaa,
  0x0b, 0x0b, 0x7f, 0xde, 0xba, 0xf6, 0xe6, 0xbe, 0x83, 0xa5, 0x7f, 0x29, 0x9e, 0x6e, 0xe9, 0xd9,
  0x2f, 0x68, 0xed, 0x98, 0x3b, 0xe6, 0x62, 0xfd, 0x87, 0x7b, 0x36, 0xdf, 0xf7, 0x8b, 0x84, 0x05,
  0x66, 0x2d, 0x39, 0x63, 0xee, 0xb2, 0xd5, 0x95, 0x9b, 0x8b, 0xea, 0x7a, 0x68, 0xcd, 0x77, 0x13,
  0x3e, 0xdb, 0x3a, 0x63, 0xee, 0xd2, 0x73, 0x5e, 0x50, 0xc5, 0xcd, 0xc7, 0xf1, 0xbe, 0xed, 0x1b,
  0xda, 0x66, 0x2d, 0x68, 0x69, 0x9d, 0x5e, 0xfc, 0x83, 0x46, 0x86, 0x06, 0x37, 0xfe, 0xea, 0x47,
  0x09, 0x0b, 0x54, 0xf5, 0xfb, 0xb4, 0x1e, 0x6d, 0xf9, 0xf5, 0x2f, 0x8e, 0x1e, 0xe9, 0x29, 0xf9,
  0xe1, 0x2b, 0x2f, 0x78, 0xf9, 0xe4, 0x29, 0x6d, 0x63, 0x2e, 0x36, 0x78, 0xf4, 0xc8, 0xbe, 0xed,
  0x1b, 0x12, 0x16, 0xe8, 0x3f, 0x92, 0xf4, 0xea, 0x5a, 0x59, 0xdd, 0x3b, 0x36, 0xed, 0xd9, 0xbc,
  0xae, 0x82, 0x2b, 0xec, 0x58, 0xb8, 0x72, 0xfe, 0xca, 0x67, 0x54, 0x70, 0x85, 0x50, 0x37, 0xe2,
  0xb8, 0x7b, 0x57, 0x67, 0x4b, 0xeb, 0xf4, 0xa9, 0xd3, 0x67, 0xa7, 0x3d, 0x4a, 0xa0, 0xba, 0xb6,
  0xac, 0xdf, 0x9f, 0xf8, 0xea, 0xba, 0xfc, 0xbc, 0x17, 0xb7, 0x4c, 0xeb, 0xa8, 0xd9, 0x3c, 0xd4,
  0x98, 0x00, 0x0e, 0x5b, 0x1c, 0xdf, 0xf4, 0x95, 0x0f, 0x96, 0xb3, 0x0b, 0xd5, 0xd2, 0x36, 0x63,
  0xf9, 0x33, 0x2f, 0x4d, 0x58, 0x60, 0xc3, 0xed, 0xd7, 0x6c, 0x5b, 0xbb, 0x26, 0x61, 0x81, 0x05,
  0xa7, 0x9f, 0x5f, 0xbd, 0x1d, 0xeb, 0x5b, 0xbe, 0xfe, 0xd1, 0xfe, 0xde, 0x83, 0x09, 0x0b, 0x9c,
  0xf7, 0xca, 0x37, 0x3f, 0x11, 0xc0, 0x6b, 0xaf, 0xfb, 0xda, 0xae, 0x4d, 0xf7, 0x56, 0x70, 0xeb,
  0xed, 0x73, 0x16, 0x5f, 0xf1, 0x9e, 0xcf, 0x8d, 0xd9, 0xc0, 0x87, 0xbb, 0x77, 0xad, 0xf9, 0xda,
  0x47, 0x12, 0x16, 0x38, 0xef, 0x55, 0x6f, 0x11, 0xc0, 0x75, 0x64, 0xcd, 0xd7, 0x3f, 0x1a, 0xc5,
  0xf1, 0x68, 0x9f, 0x5d, 0xb4, 0xea, 0xd9, 0xd5, 0x08, 0xe0, 0xe1, 0xc1, 0xfe, 0xc7, 0x1e, 0xbe,
  0x73, 0xdb, 0xda, 0x5b, 0xb6, 0xae, 0x5b, 0xd3, 0x77, 0x60, 0xef, 0x6b, 0xdf, 0xff, 0xb5, 0x71,
  0x05, 0xf0, 0xd0, 0xe0, 0xd1, 0xe4, 0x27, 0xe1, 0xca, 0x0b, 0x5e, 0x2e, 0x80, 0x9f, 0x10, 0xc7,
  0xf9, 0x5f, 0x7e, 0xf9, 0x6f, 0x07, 0xfb, 0x7b, 0x4b, 0x5e, 0x43, 0xd5, 0x7f, 0x0f, 0x52, 0x05,
  0x3b, 0x1e, 0xbe, 0x33, 0xf9, 0x70, 0xf4, 0x78, 0x35, 0x4d, 0x98, 0xf8, 0xb2, 0x77, 0x7e, 0xfc,
  0x94, 0x73, 0x5f, 0x58, 0xc1, 0x75, 0x42, 0x96, 0x8d, 0x0c, 0x0d, 0xee, 0xdc, 0x78, 0x77, 0xe1,
  0x85, 0xfa, 0xc8, 0xfe, 0x5d, 0xbf, 0xf1, 0xbf, 0x3f, 0x2d, 0x80, 0xd3, 0xb2, 0xe5, 0xd7, 0xbf,
  0xb8, 0xef, 0xda, 0x2f, 0x27, 0x2c, 0x30, 0x67, 0xe9, 0x99, 0x02, 0xb8, 0x81, 0x09, 0xe0, 0xa0,
  0x1d, 0xda, 0xf7, 0x58, 0x99, 0x07, 0x10, 0xba, 0x3a, 0x1f, 0x48, 0x0e, 0xe0, 0x8e, 0xf9, 0xcb,
  0x93, 0x03, 0xf8, 0x50, 0xd7, 0x8e, 0x72, 0x06, 0x48, 0x30, 0xd8, 0x77, 0x38, 0xb9, 0x7e, 0xa3,
  0x28, 0x9a, 0xb1, 0x60, 0x79, 0x95, 0xb6, 0x1e, 0x45, 0xd1, 0xa1, 0xbd, 0x3b, 0xae, 0xf9, 0xa7,
  0x77, 0x14, 0xd3, 0xc0, 0x50, 0x9a, 0x23, 0xdd, 0xbb, 0xb7, 0xad, 0xbb, 0x65, 0xdb, 0xda, 0x35,
  0x8f, 0x6d, 0xb8, 0x6b, 0x64, 0x68, 0x30, 0xed, 0x71, 0x42, 0x71, 0x60, 0xf7, 0x96, 0x72, 0xea,
  0x37, 0x8a, 0xa2, 0xae, 0xce, 0x75, 0x75, 0x17, 0xc0, 0x15, 0x97, 0x1f, 0x19, 0xbe, 0xfe, 0xea,
  0xbf, 0xd4, 0xc0, 0x34, 0xbc, 0xbe, 0x83, 0xfb, 0xb6, 0x3d, 0x70, 0xeb, 0xb6, 0xb5, 0x6b, 0x76,
  0x3c, 0x74, 0xc7, 0xf0, 0xc0, 0xd1, 0xb4, 0xc7, 0x01, 0x04, 0x70, 0xd8, 0xf6, 0x74, 0xae, 0xad,
  0xf6, 0x1a, 0x66, 0x2c, 0x58, 0x96, 0xbc, 0x40, 0xef, 0x81, 0xae, 0xe1, 0xa1, 0x81, 0x89, 0x93,
  0x9a, 0xcb, 0x9c, 0xe4, 0xe9, 0x0e, 0xed, 0x1d, 0x3b, 0xad, 0x3b, 0xe6, 0x57, 0x31, 0x80, 0x23,
  0x0d, 0x4c, 0x75, 0x1c, 0xd8, 0xbd, 0x65, 0xd3, 0x1d, 0x3f, 0xd9, 0xb6, 0xf6, 0x96, 0xfd, 0x3b,
  0x36, 0xa6, 0x3d, 0x4b, 0x88, 0xf6, 0x74, 0x96, 0x7b, 0x26, 0x70, 0xf9, 0x6b, 0x68, 0x0c, 0x1a,
  0x98, 0x06, 0x76, 0x78, 0xdf, 0xce, 0x8d, 0xbf, 0xfa, 0xd1, 0xb6, 0xb5, 0xb7, 0xec, 0xdd, 0xfa,
  0x60, 0xda, 0xb3, 0x00, 0x4f, 0xe1, 0x2a, 0xd0, 0x41, 0xeb, 0xea, 0x7c, 0xa0, 0xcc, 0x35, 0xec,
  0xdd, 0xfa, 0x60, 0x7e, 0x64, 0x38, 0x61, 0x81, 0x62, 0x0a, 0xf3, 0xf0, 0xbe, 0xc7, 0xca, 0x1c,
  0xe3, 0xa4, 0x8a, 0x09, 0xe0, 0x19, 0xf3, 0x97, 0x55, 0x63, 0xd3, 0x27, 0x8c, 0x71, 0xcd, 0x3f,
  0xbd, 0xa3, 0xb7, 0xa7, 0xab, 0xda, 0x1b, 0x22, 0x1c, 0x1b, 0x6f, 0xbb, 0xe6, 0xd7, 0x3f, 0xf9,
  0x0f, 0xf5, 0x9b, 0x96, 0xae, 0xb2, 0xf3, 0xb5, 0x6b, 0xcb, 0x03, 0x71, 0x3e, 0x5f, 0x91, 0x61,
  0xea, 0x5d, 0xa1, 0x81, 0xb7, 0xae, 0xbd, 0x39, 0xed, 0x41, 0xa0, 0xc2, 0x3a, 0xef, 0xfd, 0xf9,
  0x3d, 0xd7, 0x7c, 0x4e, 0xfd, 0x42, 0x06, 0x09, 0xe0, 0xa0, 0x95, 0x7f, 0x45, 0x93, 0x91, 0xa1,
  0xc1, 0xee, 0x1d, 0x9b, 0x12, 0x16, 0x28, 0xe6, 0x1c, 0xe3, 0x62, 0x4a, 0xb5, 0x04, 0x63, 0xae,
  0xb6, 0xb5, 0x63, 0xee, 0xa4, 0x96, 0xa9, 0xd5, 0xd8, 0xf4, 0xd3, 0x27, 0xd1, 0xc0, 0xd0, 0x30,
  0xca, 0x0f, 0xe0, 0xa1, 0xfe, 0xbe, 0x9e, 0xdd, 0x9b, 0x2b, 0x32, 0x4c, 0x03, 0xd0, 0xc0, 0x00,
  0xd4, 0x92, 0x53, 0xa0, 0xc3, 0x35, 0x3c, 0xd8, 0xdf, 0xbd, 0xbd, 0x02, 0x47, 0x90, 0xf6, 0x6c,
  0x5e, 0x37, 0xfb, 0x94, 0x33, 0x47, 0xfb, 0xec, 0xe4, 0x29, 0x6d, 0x53, 0xa7, 0xcf, 0x4e, 0xbe,
  0xba, 0x72, 0x5a, 0x01, 0x5c, 0xed, 0xf3, 0x9f, 0x8f, 0xe7, 0x5c, 0x68, 0x68, 0x0c, 0x83, 0xfd,
  0xbd, 0xdd, 0xbb, 0x3a, 0xcb, 0x5f, 0x4f, 0x57, 0xe7, 0xba, 0x99, 0x0b, 0x57, 0x26, 0x2f, 0xb3,
  0xe0, 0xb4, 0xf3, 0x5f, 0xf3, 0xde, 0x2f, 0x25, 0x2c, 0xd0, 0x36, 0x7b, 0x61, 0xf9, 0x93, 0x64,
  0x81, 0x73, 0xa1, 0x01, 0xa8, 0x19, 0x01, 0x1c, 0xae, 0x7d, 0x5b, 0x1f, 0xca, 0xe7, 0x47, 0xca,
  0x5f, 0xcf, 0x9e, 0xce, 0x75, 0xab, 0x2f, 0x79, 0x5d, 0xc2, 0x02, 0x33, 0x16, 0x2c, 0x2f, 0x27,
  0x80, 0x47, 0x86, 0x06, 0x1f, 0xbd, 0xeb, 0x67, 0x4f, 0xff, 0xf8, 0x84, 0x49, 0xcd, 0x2b, 0x2f,
  0x7c, 0x79, 0xc9, 0xab, 0x8d, 0xaa, 0x7c, 0x05, 0xac, 0xa7, 0xd3, 0xc0, 0xd0, 0x00, 0xf6, 0x6e,
  0x5e, 0x9f, 0x70, 0x95, 0xef, 0xe2, 0xed, 0xe9, 0x5c, 0xbb, 0xea, 0x05, 0xaf, 0x49, 0x5e, 0xa6,
  0xb9, 0xb5, 0x7d, 0xee, 0x8a, 0x73, 0xca, 0xdf, 0x56, 0x5d, 0xd0, 0xc0, 0x00, 0xd4, 0x86, 0x00,
  0x0e, 0x57, 0xa5, 0xee, 0xe8, 0x38, 0xe6, 0xd9, 0x80, 0x1d, 0xf3, 0x97, 0xef, 0x7c, 0xf8, 0xae,
  0x84, 0x05, 0x92, 0x4b, 0xb5, 0x7b, 0xe7, 0x23, 0xbf, 0xfc, 0xcf, 0x0f, 0x9c, 0xe4, 0x13, 0xb9,
  0xdc, 0x29, 0xe7, 0x5e, 0x3c, 0xb1, 0x79, 0x4a, 0x69, 0xab, 0x8d, 0x6a, 0x1e, 0xc0, 0x51, 0x14,
  0x1d, 0xda, 0xbb, 0xe3, 0xfa, 0xcf, 0xfe, 0xe5, 0x6b, 0xfe, 0xea, 0xcb, 0x35, 0xde, 0x2e, 0x50,
  0x29, 0x95, 0x7b, 0xe5, 0x2c, 0xf7, 0x12, 0x0c, 0x8d, 0xa7, 0xd0, 0xc0, 0xaf, 0xff, 0xd0, 0xf7,
  0xdb, 0x66, 0xce, 0x4f, 0x7b, 0x16, 0xe0, 0xff, 0xb5, 0x77, 0xef, 0xd1, 0x71, 0xdd, 0x85, 0x81,
  0xc7, 0xef, 0x48, 0x96, 0x64, 0xbd, 0x6d, 0x49, 0x7e, 0x3f, 0x13, 0x3f, 0x62, 0x27, 0xc1, 0x84,
  0x90, 0x17, 0x69, 0x08, 0x0d, 0xa4, 0x90, 0x00, 0xcd, 0xb6, 0x50, 0x58, 0x0a, 0x2d, 0xcb, 0x96,
  0x2d, 0xa5, 0x87, 0x2e, 0x2c, 0x65, 0xf7, 0xb4, 0x85, 0xa5, 0xbb, 0x2c, 0xdb, 0x2e, 0xdb, 0x3d,
  0x05, 0xb6, 0x74, 0x29, 0x87, 0x0d, 0x74, 0x69, 0xb7, 0xa5, 0x85, 0x05, 0x96, 0x57, 0x78, 0x2c,
  0x01, 0x42, 0x08, 0x04, 0x92, 0x38, 0x0f, 0x1b, 0x3b, 0x0f, 0xdb, 0x8a, 0x65, 0x5b, 0xb6, 0xde,
  0x96, 0x6c, 0xc9, 0x7a, 0xce, 0xec, 0x1f, 0xd3, 0xba, 0x8e, 0xa4, 0xb9, 0x77, 0x66, 0x34, 0x1a,
  0x3d, 0x7e, 0x9f, 0xcf, 0xe1, 0x70, 0x94, 0x99, 0xdf, 0xdc, 0x7b, 0x6d, 0x6b, 0xae, 0xe6, 0xab,
  0x7b, 0xef, 0xef, 0xc2, 0xb2, 0x25, 0x80, 0xc3, 0x15, 0xff, 0xf1, 0x6b, 0xeb, 0xbe, 0x17, 0xbf,
  0xf8, 0x4d, 0x7f, 0x90, 0xfd, 0xba, 0xeb, 0xc8, 0xe3, 0xdf, 0xf9, 0x9f, 0x7f, 0x90, 0x6b, 0xe4,
  0x50, 0xcf, 0xc9, 0xd1, 0x73, 0x03, 0x31, 0x77, 0x4b, 0x4b, 0x9c, 0x08, 0x3a, 0x21, 0x80, 0x4f,
  0x1d, 0x99, 0xfd, 0x89, 0x4c, 0x66, 0xe0, 0x74, 0xfb, 0x9a, 0xed, 0x57, 0xce, 0xfa, 0xe4, 0xd4,
  0xe4, 0xf8, 0xf9, 0xb3, 0x09, 0xd7, 0xdc, 0x16, 0x7a, 0x0a, 0x74, 0x9e, 0x37, 0x56, 0x1d, 0x1d,
  0x19, 0x8a, 0x39, 0x40, 0x94, 0x78, 0x67, 0xa6, 0xc5, 0xe9, 0xf1, 0x6f, 0xfd, 0x55, 0x09, 0x96,
  0x92, 0x8a, 0xf6, 0xde, 0xf2, 0xcb, 0xd5, 0x75, 0x8d, 0x89, 0x03, 0x07, 0xbb, 0x3a, 0x9e, 0x7d,
  0xec, 0xfb, 0x25, 0x58, 0x63, 0x14, 0x45, 0x51, 0xd4, 0xb8, 0x66, 0xd3, 0xe5, 0xd7, 0xbe, 0xac,
  0xe8, 0x97, 0xf7, 0x76, 0x3c, 0x79, 0xea, 0xf0, 0x4f, 0x0b, 0x78, 0x41, 0x29, 0x0e, 0x0f, 0x2e,
  0x36, 0x03, 0x67, 0xda, 0xf3, 0xff, 0x1e, 0xa8, 0xac, 0xae, 0xb9, 0xf2, 0xd6, 0xd7, 0x56, 0x54,
  0x16, 0xf3, 0xf3, 0x25, 0x9d, 0x9e, 0x3a, 0x7c, 0xdf, 0x17, 0x26, 0xc7, 0x47, 0x8b, 0x78, 0xed,
  0x4c, 0x6d, 0x5b, 0xf7, 0x6c, 0xda, 0x5b, 0xe2, 0xdb, 0x17, 0xc7, 0xff, 0xca, 0xef, 0xb2, 0x6b,
  0x5f, 0x7a, 0xf3, 0x3f, 0xff, 0xb7, 0xd9, 0xaf, 0x3b, 0x9f, 0x7a, 0xf8, 0x7b, 0x9f, 0xfe, 0xc3,
  0x5c, 0x23, 0x07, 0x4e, 0x1f, 0x1b, 0x1f, 0x39, 0x17, 0xff, 0x76, 0x18, 0xec, 0xee, 0x78, 0xf6,
  0xd1, 0xef, 0xc7, 0x0c, 0xd8, 0x74, 0xe5, 0x8d, 0x6d, 0x5b, 0xae, 0x88, 0xdb, 0xdc, 0x28, 0x8a,
  0xa9, 0x76, 0x8d, 0xfb, 0x00, 0x00, 0x20, 0x00, 0x49, 0x44, 0x41, 0x54, 0xa2, 0x68, 0x72, 0x62,
  0xec, 0xf0, 0x7d, 0x5f, 0x88, 0x9f, 0xb0, 0x70, 0x56, 0xbb, 0x6e, 0xbc, 0xb3, 0x6e, 0xd5, 0x9a,
  0x3c, 0x07, 0x57, 0xad, 0xac, 0xab, 0xac, 0xac, 0x4a, 0x1c, 0x36, 0x31, 0x76, 0x61, 0x6a, 0x32,
  0xe7, 0x2d, 0xbb, 0xd2, 0x53, 0x93, 0x13, 0xa3, 0x23, 0xf9, 0xac, 0xae, 0xbb, 0xfd, 0xe0, 0xe9,
  0xa7, 0x0b, 0xbe, 0x73, 0x7b, 0xdd, 0xaa, 0xb6, 0x5d, 0x37, 0xbe, 0x32, 0x66, 0xc0, 0xd9, 0xd3,
  0xed, 0xc7, 0x63, 0x6f, 0xdd, 0x97, 0x4b, 0xfd, 0xea, 0xb5, 0x3b, 0x6f, 0xb8, 0x23, 0x71, 0xd8,
  0xa9, 0xc3, 0x3f, 0xed, 0xed, 0x78, 0xb2, 0x88, 0xe5, 0xcf, 0xaa, 0x75, 0xcb, 0xee, 0xcd, 0x57,
  0xde, 0x54, 0xaa, 0xa5, 0x5d, 0xaa, 0xff, 0xd4, 0x91, 0x13, 0x07, 0x7f, 0x54, 0xaa, 0xa5, 0xd5,
  0x35, 0xb7, 0xed, 0xba, 0xf1, 0xce, 0x28, 0x95, 0x2a, 0xee, 0xe5, 0x03, 0xa7, 0x8f, 0x75, 0x3c,
  0xf1, 0xc3, 0x42, 0x5f, 0x55, 0xb5, 0xb2, 0xee, 0xca, 0x97, 0xfc, 0x4a, 0xcc, 0x80, 0xe1, 0x81,
  0xee, 0x23, 0x3f, 0xfd, 0x66, 0x11, 0xdb, 0x53, 0x5d, 0xd7, 0xb0, 0xe7, 0x96, 0x5f, 0x4a, 0xa5,
  0x16, 0xc5, 0x34, 0x3a, 0xc5, 0xbd, 0x11, 0xa2, 0x28, 0x5a, 0xb5, 0x61, 0x7b, 0x71, 0x67, 0x5b,
  0x8c, 0x0e, 0x0f, 0x3e, 0xf5, 0xc3, 0x2f, 0x17, 0xf1, 0xc2, 0x4b, 0xad, 0xd9, 0xb6, 0x77, 0xe3,
  0x9e, 0xeb, 0x63, 0x06, 0x0c, 0x75, 0x9f, 0x68, 0x7f, 0xf4, 0x7b, 0x45, 0x2c, 0xb9, 0xb6, 0xa9,
  0x65, 0xf7, 0x4d, 0xaf, 0x2a, 0xfa, 0x9b, 0x8d, 0x40, 0x08, 0xe0, 0x50, 0x65, 0x32, 0xf1, 0x77,
  0x30, 0x5a, 0x7f, 0xf9, 0xbe, 0xfa, 0x55, 0xff, 0x70, 0xa6, 0xee, 0xc6, 0xa4, 0x4f, 0x90, 0xdd,
  0xed, 0x07, 0xb7, 0xee, 0x7b, 0x71, 0xae, 0x67, 0x13, 0x67, 0x5a, 0x3e, 0xd7, 0xdb, 0x99, 0x49,
  0xa7, 0x53, 0x15, 0xb3, 0xff, 0x2c, 0xe9, 0x3f, 0x99, 0x23, 0x80, 0xa3, 0xa8, 0xef, 0xd4, 0x33,
  0xb9, 0x02, 0xf8, 0x5c, 0x6f, 0x67, 0x62, 0x87, 0x24, 0x96, 0xf9, 0xa5, 0x2a, 0x56, 0x54, 0xbd,
  0xf9, 0xc3, 0xf7, 0xe6, 0x33, 0xf2, 0xb3, 0xef, 0xbd, 0xeb, 0x5c, 0x5f, 0x67, 0xfe, 0x4b, 0x5e,
  0x12, 0x7e, 0xf2, 0xa5, 0x8f, 0x95, 0xa4, 0xeb, 0x8e, 0x3d, 0xfc, 0x9d, 0x57, 0xfd, 0x9b, 0xff,
  0x91, 0xd8, 0xc0, 0x03, 0x9d, 0x47, 0x7f, 0xf2, 0xc5, 0x3f, 0x9b, 0xfb, 0xea, 0x2e, 0xba, 0xe9,
  0x75, 0xef, 0xde, 0x77, 0xfb, 0x9b, 0x8a, 0x78, 0x61, 0x77, 0xfb, 0xc1, 0x7b, 0x3e, 0xfa, 0x8e,
  0x39, 0xde, 0xf4, 0xb5, 0xfc, 0x06, 0xbb, 0x3a, 0x72, 0xbd, 0xa1, 0x2e, 0x5a, 0x59, 0xbf, 0x2a,
  0xff, 0xb3, 0xf1, 0xfb, 0x4f, 0x3e, 0xf3, 0x93, 0xd8, 0xe9, 0xee, 0xa6, 0x39, 0xf3, 0xf4, 0xfe,
  0x97, 0xfe, 0xab, 0x3f, 0x2a, 0xb4, 0x81, 0xd3, 0xe9, 0xa9, 0xef, 0xde, 0xfd, 0xbe, 0x63, 0x8f,
  0x7c, 0xa7, 0xa0, 0x57, 0xc5, 0xb8, 0xea, 0xb6, 0xd7, 0x97, 0x38, 0x80, 0x33, 0x99, 0xf8, 0x00,
  0x5e, 0xb7, 0xe3, 0xf9, 0x17, 0xf7, 0x9c, 0x9b, 0xf6, 0x24, 0xed, 0x39, 0x8f, 0x1f, 0xda, 0xbc,
  0xf7, 0xc6, 0x98, 0x01, 0x03, 0x9d, 0xc7, 0xe2, 0xdf, 0x08, 0xb7, 0xd4, 0xfc, 0x5e, 0x62, 0x00,
  0x4f, 0x4e, 0x8c, 0x7d, 0xfb, 0xe3, 0xef, 0x39, 0x79, 0xe8, 0xc1, 0xf8, 0x61, 0xb3, 0xda, 0xb0,
  0xfb, 0xda, 0xfc, 0x03, 0xf8, 0xf6, 0xdf, 0xfc, 0xd0, 0x96, 0xab, 0x6f, 0x4e, 0x1c, 0xf6, 0xa3,
  0xcf, 0xfd, 0xe9, 0xc1, 0x7b, 0x3f, 0x5b, 0xc4, 0xc6, 0x5c, 0xea, 0xf4, 0x33, 0xfb, 0xbf, 0xf1,
  0xb1, 0x77, 0x15, 0x71, 0x4b, 0xd5, 0x75, 0x97, 0xef, 0x8b, 0x09, 0xe0, 0x81, 0xce, 0x63, 0x5f,
  0xfb, 0xf0, 0xdb, 0x2f, 0x9c, 0xeb, 0x2f, 0x6e, 0xab, 0x06, 0xbb, 0x3b, 0x5e, 0xf8, 0xea, 0xb7,
  0xc5, 0x8f, 0x39, 0xfe, 0xf8, 0x7d, 0x07, 0xbf, 0xf7, 0xf7, 0xc5, 0x2d, 0x7f, 0xa6, 0x54, 0x45,
  0xc5, 0xcb, 0xde, 0xfa, 0x47, 0x97, 0x5f, 0xf7, 0x0b, 0xa5, 0x5a, 0xe0, 0x45, 0xbd, 0xc7, 0x0f,
  0x97, 0x76, 0x27, 0x3c, 0xd8, 0x75, 0xfc, 0xba, 0xbb, 0xde, 0x5e, 0x44, 0x96, 0xf4, 0x77, 0x1e,
  0xfd, 0xda, 0x87, 0xdf, 0x3e, 0x7a, 0x6e, 0xa0, 0xd0, 0x17, 0xd6, 0xaf, 0x5e, 0x1b, 0x13, 0xc0,
  0xc3, 0x03, 0xdd, 0x5f, 0xfd, 0xd3, 0xb7, 0x15, 0x3d, 0x05, 0x49, 0xef, 0xf1, 0x27, 0x6f, 0x79,
  0xd3, 0xef, 0xcf, 0xb1, 0x81, 0x87, 0x7a, 0x4e, 0xf6, 0xe5, 0x3e, 0x78, 0x90, 0x55, 0x53, 0xdb,
  0xd8, 0xd0, 0xba, 0x21, 0xd7, 0xb3, 0x45, 0xbf, 0x11, 0xa2, 0x28, 0x8a, 0x52, 0xa9, 0x97, 0xfc,
  0xfa, 0xfb, 0xaf, 0xf8, 0xb9, 0xbb, 0x0a, 0x7a, 0xd1, 0xe8, 0xf0, 0xe0, 0xd7, 0x3f, 0xf2, 0xdb,
  0x7d, 0x73, 0x9e, 0x41, 0xe6, 0x79, 0x2f, 0x7b, 0x63, 0x4c, 0x00, 0x0f, 0x76, 0x77, 0x7c, 0xf5,
  0x4f, 0x7f, 0x6b, 0xe4, 0x6c, 0x4f, 0x71, 0x0b, 0x3f, 0x7b, 0xba, 0xfd, 0x86, 0x5f, 0xfe, 0x1d,
  0x0d, 0x4c, 0x0c, 0x01, 0x1c, 0xa8, 0xf3, 0x03, 0x5d, 0xf1, 0xd7, 0xe5, 0xb6, 0x6d, 0xdd, 0x73,
  0xf1, 0xeb, 0x95, 0xf5, 0xcd, 0x0d, 0xad, 0x1b, 0xce, 0xf7, 0x9d, 0xce, 0x35, 0xb8, 0xeb, 0xd8,
  0x81, 0x98, 0x00, 0x4e, 0x3c, 0xd0, 0x9a, 0x9e, 0x9a, 0x1c, 0x1e, 0xe8, 0xca, 0xb5, 0x8b, 0xef,
  0x3b, 0x95, 0xf3, 0x63, 0x77, 0xcc, 0x04, 0xd4, 0x89, 0x3f, 0xd5, 0x6a, 0xea, 0x9b, 0x6a, 0x1b,
  0x12, 0x7e, 0xf0, 0x50, 0x72, 0x3d, 0xc7, 0x0f, 0x7d, 0xfd, 0xa3, 0xef, 0xc8, 0xa7, 0x81, 0x4b,
  0xeb, 0xc1, 0xcf, 0x7f, 0x24, 0x8a, 0xa2, 0x42, 0x1b, 0x78, 0x89, 0xd6, 0x6f, 0x14, 0x45, 0xf7,
  0xde, 0xfd, 0xde, 0xc4, 0x31, 0x57, 0xbe, 0xe4, 0x57, 0x6e, 0x79, 0xe3, 0xef, 0xcf, 0xd3, 0x06,
  0x1c, 0xdb, 0x7f, 0x6f, 0x74, 0x77, 0x54, 0x50, 0x03, 0x97, 0xbc, 0x7e, 0xe7, 0xc3, 0x60, 0xcf,
  0x89, 0xf8, 0x93, 0x38, 0x2e, 0xdd, 0x73, 0xd6, 0x35, 0xb7, 0xd5, 0x35, 0xb5, 0x8e, 0x0c, 0xf5,
  0xe5, 0x1a, 0xdc, 0x7d, 0xf4, 0x89, 0xf8, 0x00, 0x9e, 0xbb, 0xb9, 0xd4, 0xef, 0xa2, 0x35, 0xa7,
  0x0f, 0xfd, 0xb9, 0xcd, 0xb1, 0x7e, 0xa3, 0x28, 0x7a, 0xe4, 0xab, 0x9f, 0x8c, 0xa2, 0x28, 0xb1,
  0x81, 0x4b, 0x28, 0x93, 0x4e, 0xdf, 0xfb, 0xa9, 0xf7, 0x45, 0x51, 0x34, 0x1f, 0x0d, 0x5c, 0x5a,
  0xfb, 0xef, 0xf9, 0x54, 0x14, 0x45, 0x85, 0x36, 0x70, 0xd1, 0xf5, 0x1b, 0x6f, 0x8e, 0xf5, 0x1b,
  0x45, 0xd1, 0xe1, 0xfb, 0xbf, 0x18, 0x45, 0xd1, 0x1c, 0x1b, 0xf8, 0x87, 0x7f, 0xf3, 0x5f, 0x12,
  0xc7, 0xec, 0xb8, 0xee, 0xe5, 0x2f, 0xfb, 0xcd, 0x3f, 0x9e, 0xf5, 0xa9, 0xb9, 0xbe, 0x11, 0x32,
  0x99, 0xfb, 0xfe, 0xfa, 0x83, 0x51, 0x14, 0xe5, 0xdf, 0xc0, 0xa5, 0xaa, 0xdf, 0x78, 0x73, 0xac,
  0xdf, 0x28, 0x8a, 0x1e, 0xfb, 0xd6, 0x67, 0xa2, 0x28, 0xd2, 0xc0, 0xc4, 0x58, 0x14, 0xe7, 0x6f,
  0x50, 0x7e, 0x89, 0x17, 0xee, 0x5e, 0xfa, 0x31, 0x6e, 0xe6, 0x7f, 0x4e, 0x13, 0x7f, 0x51, 0x5c,
  0x5d, 0x73, 0x5b, 0xf5, 0xca, 0xfa, 0xf8, 0xd5, 0xe5, 0xfc, 0x39, 0x94, 0xc9, 0xc4, 0x4c, 0x55,
  0x3d, 0x97, 0x00, 0x5e, 0xbd, 0xfe, 0x32, 0x7b, 0xc6, 0x05, 0x91, 0x6d, 0xe0, 0xf1, 0x91, 0x73,
  0x65, 0x5e, 0xef, 0x83, 0x9f, 0xff, 0xc8, 0x13, 0xdf, 0xf9, 0x9b, 0xfc, 0xc7, 0x2f, 0xdd, 0xfa,
  0x5d, 0x24, 0x8e, 0xed, 0xbf, 0xf7, 0xbb, 0x77, 0xbf, 0x2f, 0xcf, 0xd3, 0x6e, 0x97, 0x44, 0xfd,
  0x46, 0x79, 0x5c, 0xb8, 0x3b, 0xed, 0x78, 0xec, 0x5c, 0xf6, 0x9c, 0x73, 0xa7, 0x7e, 0xf3, 0x37,
  0xf7, 0xfa, 0xcd, 0x7a, 0xe4, 0xab, 0x9f, 0x7c, 0xe4, 0x6b, 0x9f, 0x2c, 0xc9, 0x26, 0xe5, 0x29,
  0xdb, 0xc0, 0xc7, 0x1e, 0xfe, 0x7f, 0xe5, 0x5c, 0x69, 0x71, 0xf6, 0xdf, 0xf3, 0xa9, 0x87, 0xbf,
  0xf2, 0x89, 0xfc, 0x4f, 0x26, 0x5a, 0xb4, 0xf5, 0x9b, 0x75, 0xf8, 0xfe, 0x2f, 0xfe, 0xf0, 0x6f,
  0x3e, 0x94, 0xc9, 0x2c, 0xcc, 0x0d, 0xbd, 0x4b, 0xf3, 0x46, 0xc8, 0x64, 0xee, 0xfb, 0xeb, 0x0f,
  0x3e, 0xf5, 0xc0, 0x57, 0xf2, 0x19, 0xbb, 0x54, 0xea, 0x37, 0xeb, 0xb1, 0x6f, 0x7d, 0xe6, 0xa7,
  0x5f, 0xfa, 0xf3, 0x65, 0x79, 0x45, 0x12, 0x25, 0x21, 0x80, 0x03, 0x15, 0xff, 0xc1, 0xab, 0x61,
  0xf5, 0xba, 0x69, 0xd7, 0xf4, 0xae, 0xd9, 0x9a, 0xf3, 0x46, 0x47, 0x51, 0x14, 0xf5, 0xb4, 0xff,
  0x2c, 0x93, 0xce, 0xfd, 0x33, 0x20, 0x95, 0x4a, 0x9c, 0x6e, 0x2a, 0xd7, 0x8f, 0xa2, 0x91, 0xa1,
  0xbe, 0x98, 0xe3, 0x2d, 0xfd, 0xa7, 0x8e, 0xe4, 0xda, 0xbb, 0x0d, 0x75, 0x9f, 0x88, 0x5f, 0x63,
  0xf9, 0x67, 0xc0, 0xe2, 0xa2, 0xc5, 0xdf, 0xc0, 0xea, 0xb7, 0x24, 0xf2, 0x6c, 0xe0, 0xa5, 0x52,
  0xbf, 0x51, 0xd2, 0x9e, 0xb3, 0x69, 0xed, 0x96, 0xea, 0xda, 0x86, 0x4b, 0x1f, 0x89, 0xb9, 0x45,
  0x5c, 0x94, 0xcd, 0xe9, 0x79, 0xfb, 0x7c, 0xa6, 0x7e, 0xf3, 0x57, 0xaa, 0xfa, 0xcd, 0xd2, 0xc0,
  0x31, 0xf2, 0x6f, 0xe0, 0x45, 0x5e, 0xbf, 0x59, 0x0b, 0xd5, 0xc0, 0xa5, 0x7c, 0x23, 0xe4, 0xd7,
  0xc0, 0x4b, 0xab, 0x7e, 0xb3, 0x34, 0x30, 0x31, 0x04, 0x70, 0xa0, 0xe2, 0x8f, 0x63, 0xcc, 0x3c,
  0x6a, 0x11, 0x7f, 0x1c, 0x63, 0x62, 0x6c, 0x64, 0x20, 0xf6, 0xc6, 0x98, 0x45, 0x07, 0x70, 0xce,
  0x19, 0xb0, 0xa2, 0x28, 0x8a, 0xa2, 0xd1, 0xe1, 0xc1, 0x5c, 0x27, 0x72, 0x2f, 0xc2, 0x29, 0xa0,
  0xb9, 0xd4, 0x62, 0x6e, 0x60, 0xf5, 0x5b, 0x42, 0x89, 0x0d, 0xbc, 0x84, 0xea, 0x37, 0x4a, 0x3a,
  0x77, 0xa6, 0xd0, 0x3d, 0xe7, 0xd8, 0xc8, 0xd0, 0x60, 0xd2, 0xaf, 0xea, 0x8a, 0xa3, 0x7e, 0xf3,
  0x57, 0xda, 0xfa, 0xcd, 0xd2, 0xc0, 0x31, 0xf2, 0x69, 0xe0, 0x25, 0x51, 0xbf, 0x59, 0xe5, 0x6f,
  0xe0, 0xd2, 0xbf, 0x11, 0x92, 0x1a, 0x78, 0x29, 0xd6, 0x6f, 0x96, 0x06, 0x26, 0x17, 0x01, 0x1c,
  0xa2, 0xa9, 0xc9, 0xf1, 0x9e, 0x8e, 0xc3, 0x31, 0x03, 0x66, 0x1e, 0xb5, 0x88, 0xff, 0x18, 0x17,
  0x45, 0x51, 0xfc, 0x94, 0x5a, 0x89, 0x97, 0x01, 0xe7, 0x0c, 0xe0, 0xa4, 0x79, 0x77, 0x72, 0x5d,
  0x21, 0x9c, 0xd7, 0x29, 0xd0, 0x2c, 0xa8, 0xc5, 0xd9, 0xc0, 0xea, 0xb7, 0xe4, 0x62, 0x1a, 0x78,
  0x69, 0xd5, 0xef, 0xe4, 0xd8, 0x85, 0xbe, 0x93, 0x71, 0x1f, 0x01, 0x67, 0x9e, 0x29, 0x13, 0x7f,
  0x04, 0x38, 0x4a, 0xda, 0x73, 0x16, 0x47, 0xfd, 0xe6, 0x6f, 0x3e, 0xea, 0x37, 0x4b, 0x03, 0xc7,
  0x88, 0x6f, 0xe0, 0x25, 0x54, 0xbf, 0x59, 0xe5, 0x6c, 0xe0, 0x79, 0x7a, 0x23, 0xc4, 0x34, 0xf0,
  0xd2, 0xad, 0xdf, 0x2c, 0x0d, 0xcc, 0xac, 0x04, 0x70, 0x88, 0xfa, 0x4e, 0x3c, 0x9d, 0x9e, 0x9c,
  0x88, 0x19, 0x30, 0x33, 0x77, 0x6b, 0x9b, 0x5a, 0x2e, 0x4e, 0x6d, 0x3a, 0xab, 0xf8, 0x43, 0xca,
  0x45, 0xdf, 0x09, 0x29, 0x66, 0x06, 0xac, 0xac, 0x59, 0x0f, 0x11, 0x67, 0xd2, 0xe9, 0xa1, 0xa4,
  0x79, 0x98, 0x0b, 0x9a, 0x02, 0x9a, 0x79, 0xb2, 0xd8, 0x1a, 0x58, 0xfd, 0xce, 0x93, 0x5c, 0x0d,
  0xfc, 0xdd, 0x4f, 0xfd, 0xfb, 0xa5, 0x52, 0xbf, 0x51, 0x14, 0xf5, 0x74, 0x1c, 0x8e, 0xbb, 0xd6,
  0x63, 0xb6, 0x3d, 0x67, 0xc3, 0xaa, 0xb5, 0x2b, 0x1b, 0x56, 0xc5, 0xbc, 0x24, 0x71, 0x3a, 0x86,
  0x42, 0xa9, 0xdf, 0xfc, 0x9d, 0xed, 0x3a, 0x3e, 0x4f, 0xf5, 0x9b, 0xf5, 0xc8, 0x57, 0x3f, 0xf9,
  0xe8, 0x37, 0x3e, 0x3d, 0x4f, 0x0b, 0x9f, 0xd5, 0x32, 0x68, 0xe0, 0x79, 0xaa, 0xdf, 0x91, 0xa1,
  0xbe, 0x79, 0xaa, 0xdf, 0xac, 0xc3, 0xf7, 0x7f, 0xf1, 0x81, 0xcf, 0xfe, 0xc9, 0x3c, 0x2d, 0xfc,
  0xa2, 0xae, 0xa3, 0x4f, 0xcc, 0x4b, 0xfd, 0x66, 0x65, 0x32, 0xf7, 0xfd, 0xf5, 0x07, 0x9f, 0x7e,
  0xf0, 0xeb, 0x97, 0x3e, 0x36, 0x3e, 0x3a, 0x5c, 0x86, 0xfa, 0x3d, 0xd7, 0xdb, 0x39, 0x4f, 0xf5,
  0x9b, 0xf5, 0xd8, 0xb7, 0x3e, 0xf3, 0xd0, 0x57, 0xfe, 0x62, 0x9e, 0x16, 0xce, 0x12, 0x25, 0x80,
  0x43, 0x94, 0x3c, 0x03, 0xd6, 0x6c, 0x47, 0x2d, 0xda, 0xb6, 0x15, 0x3f, 0x9b, 0x4b, 0x5e, 0x47,
  0x80, 0x67, 0xfb, 0xfd, 0x5c, 0xcc, 0x3d, 0x90, 0x62, 0x06, 0x0c, 0x9f, 0xed, 0x8e, 0x2f, 0xfc,
  0x15, 0xd5, 0x2b, 0x1b, 0x5a, 0xd6, 0xc7, 0x2f, 0x99, 0xf2, 0xe8, 0x39, 0x7e, 0xe8, 0xd1, 0x6f,
  0xfe, 0x65, 0xf9, 0xd7, 0xfb, 0xe0, 0xe7, 0x3f, 0x72, 0xae, 0xf7, 0x39, 0xbf, 0x25, 0x39, 0xd7,
  0xd7, 0xa9, 0x7e, 0xe7, 0xcf, 0xb1, 0xfd, 0xf7, 0x1e, 0x79, 0xe8, 0x5b, 0xd3, 0x1f, 0x8c, 0xad,
  0xdf, 0x9a, 0xfa, 0xa6, 0x2d, 0x57, 0xdd, 0x9c, 0xf8, 0xbf, 0xa6, 0xb6, 0x4d, 0xf3, 0xb9, 0xe1,
  0xff, 0x24, 0x79, 0x06, 0xac, 0x99, 0x67, 0xca, 0xa4, 0x52, 0xf1, 0x07, 0x81, 0x4b, 0x3e, 0x0f,
  0xd6, 0xe1, 0x1f, 0x7c, 0x61, 0x99, 0xd5, 0x6f, 0x14, 0x45, 0xdf, 0xfb, 0xcb, 0xff, 0x30, 0x1f,
  0x1f, 0xfa, 0xcf, 0x3c, 0xbd, 0x7f, 0xfe, 0xea, 0x37, 0xeb, 0xd8, 0xc3, 0xe5, 0xfe, 0xfd, 0x4e,
  0xb6, 0x81, 0x3b, 0x9f, 0x7e, 0xa4, 0xcc, 0xeb, 0x2d, 0xc2, 0xfe, 0x7b, 0x3e, 0x35, 0xf3, 0x8e,
  0x50, 0x3f, 0xfc, 0xdf, 0x7f, 0x5c, 0xf2, 0xfa, 0x8d, 0xa2, 0xa8, 0xef, 0xc4, 0x53, 0xf3, 0x57,
  0xbf, 0x59, 0x65, 0xf8, 0xbd, 0xc3, 0x89, 0x83, 0x0f, 0xcc, 0x57, 0xfd, 0x66, 0x65, 0x32, 0xed,
  0x8f, 0x3c, 0xe7, 0x76, 0x8f, 0x43, 0xdd, 0x27, 0xe6, 0xbb, 0x7e, 0xa3, 0x28, 0xea, 0x3a, 0xf6,
  0xc4, 0xfc, 0xd5, 0x6f, 0x56, 0xf9, 0xdf, 0x89, 0x2c, 0x72, 0x6e, 0x83, 0x14, 0xa2, 0xc4, 0x49,
  0x9b, 0xeb, 0x9a, 0x5a, 0x67, 0x3e, 0xde, 0xb6, 0x75, 0xcf, 0xf1, 0xc7, 0x7f, 0x90, 0xeb, 0x55,
  0x67, 0x4f, 0xb7, 0x8f, 0x8f, 0x9c, 0xcb, 0x75, 0x6f, 0x9b, 0xc6, 0xb6, 0x4d, 0x95, 0x2b, 0xaa,
  0xa7, 0x26, 0xc7, 0x73, 0xbd, 0x7c, 0x7c, 0x74, 0x78, 0x74, 0x78, 0x70, 0xda, 0xa1, 0x92, 0xf4,
  0xd4, 0xe4, 0xc0, 0x99, 0xf6, 0x98, 0x4d, 0x8d, 0x72, 0x1c, 0x22, 0x4e, 0xbe, 0x00, 0x78, 0xdd,
  0xb6, 0x45, 0x72, 0x0b, 0xfb, 0xa5, 0xe2, 0xfa, 0xbb, 0x7e, 0xbb, 0xe8, 0xd7, 0x5e, 0x18, 0xea,
  0x8b, 0xbf, 0xef, 0x65, 0x9e, 0x13, 0x05, 0x5f, 0x6a, 0x65, 0x7d, 0xf3, 0xb4, 0xd9, 0x86, 0x66,
  0x59, 0xef, 0xf9, 0x81, 0x89, 0xd1, 0x91, 0xb8, 0xf5, 0xa6, 0x9f, 0xb3, 0xde, 0xe1, 0x81, 0xee,
  0xf8, 0xfa, 0xdd, 0xb8, 0xe7, 0xfa, 0x4d, 0x57, 0xe4, 0xbc, 0x6f, 0xe1, 0x45, 0x0f, 0x7d, 0xf9,
  0xe3, 0x89, 0x63, 0x96, 0x9c, 0x96, 0x8d, 0x3b, 0x76, 0x5c, 0xff, 0x8a, 0xf8, 0x31, 0x7d, 0xa7,
  0x9e, 0x89, 0xff, 0x08, 0x58, 0xe8, 0x3f, 0x74, 0xdb, 0x96, 0x3d, 0x77, 0xbe, 0x33, 0xf9, 0x4e,
  0xa4, 0x0f, 0xfd, 0xdf, 0x8f, 0x97, 0xe7, 0x38, 0x5b, 0xfc, 0x9e, 0xb3, 0xb1, 0x75, 0x63, 0x4d,
  0x7d, 0xd3, 0xcc, 0xc7, 0xdb, 0xb6, 0xee, 0x39, 0xf9, 0xb3, 0x1f, 0xe7, 0x7a, 0x55, 0xff, 0xc9,
  0x23, 0x93, 0x63, 0x17, 0x56, 0xd4, 0xd4, 0x96, 0x60, 0xfb, 0xa2, 0x28, 0x2a, 0xea, 0xdd, 0xb4,
  0xf8, 0x2d, 0xd4, 0x1f, 0xea, 0xc5, 0x6f, 0x7a, 0xef, 0xb6, 0xe7, 0xdf, 0x1a, 0x3f, 0xe6, 0xf3,
  0x1f, 0x78, 0xfd, 0xd8, 0xf0, 0x50, 0x09, 0x57, 0x7a, 0xf5, 0x4b, 0xdf, 0x50, 0xdb, 0xd8, 0x12,
  0x3f, 0xa6, 0xbf, 0xf3, 0xc8, 0xd1, 0x87, 0xbe, 0x9d, 0xeb, 0xd9, 0x4c, 0x3a, 0x3d, 0x78, 0xe6,
  0xf8, 0xc6, 0xdd, 0x2f, 0x2c, 0xe1, 0x56, 0xcd, 0x74, 0xf9, 0x0b, 0x6f, 0x6f, 0xdd, 0xbc, 0x3b,
  0x7e, 0xcc, 0xd8, 0xf0, 0x60, 0xfc, 0x9c, 0x0b, 0x03, 0x9d, 0xd3, 0x67, 0x0f, 0x59, 0xa8, 0x7f,
  0xeb, 0x17, 0xbe, 0xfa, 0x6d, 0x7b, 0x6f, 0x7d, 0x4d, 0xfc, 0x98, 0x7b, 0x3e, 0xfa, 0x8e, 0xfe,
  0xce, 0xa3, 0xe5, 0xd9, 0x9e, 0xe2, 0xdc, 0xf1, 0x8e, 0x8f, 0xc4, 0xff, 0xc6, 0x6d, 0x6a, 0x62,
  0xfc, 0xb3, 0xef, 0x2b, 0xec, 0xc6, 0xbf, 0x8b, 0xc1, 0x8b, 0x5e, 0xff, 0xbb, 0x3b, 0xae, 0x7b,
  0x79, 0xfc, 0x98, 0x2f, 0xfd, 0xf1, 0x9b, 0x87, 0xcf, 0x76, 0x97, 0x67, 0x7b, 0x58, 0x06, 0x04,
  0x70, 0x88, 0xba, 0xe2, 0xe7, 0x71, 0xc9, 0xb1, 0xf7, 0x8c, 0x9f, 0x08, 0x3a, 0x8a, 0xa2, 0xee,
  0xf6, 0x83, 0x9b, 0xaf, 0x7a, 0xd1, 0xac, 0x4f, 0xa5, 0x2a, 0x2a, 0x9a, 0xd7, 0x6d, 0x8d, 0x9f,
  0xd1, 0x6a, 0xa8, 0xe7, 0xe4, 0xb4, 0x00, 0x1e, 0xec, 0xea, 0x88, 0x3f, 0x90, 0x1b, 0x45, 0xd1,
  0xd9, 0xd3, 0xed, 0xe9, 0xa9, 0xc9, 0x69, 0xf7, 0x1a, 0x4d, 0x0e, 0xe0, 0xf5, 0xdb, 0xe3, 0x07,
  0x30, 0xcd, 0x0b, 0x5e, 0xf9, 0x1b, 0x45, 0xbf, 0xb6, 0xbf, 0xf3, 0x68, 0x7c, 0x00, 0x17, 0xe1,
  0xba, 0xbb, 0xde, 0x7e, 0xe5, 0xcf, 0xbf, 0x2e, 0x7e, 0xcc, 0x0f, 0x3f, 0xfb, 0x5f, 0x0f, 0x7d,
  0xff, 0xf3, 0x25, 0x5c, 0xe9, 0xc6, 0x5d, 0xd7, 0xe6, 0xf3, 0xf7, 0xf0, 0xd0, 0x57, 0xfe, 0x62,
  0xc1, 0x2f, 0x37, 0x6a, 0xdd, 0xb2, 0xbb, 0x2a, 0xe9, 0xde, 0x63, 0x4d, 0x6b, 0xb7, 0xe4, 0xbf,
  0xc0, 0xd5, 0x1b, 0x77, 0x24, 0xfe, 0xd9, 0x8f, 0x3e, 0xfc, 0xed, 0x25, 0x71, 0xee, 0x65, 0x91,
  0x32, 0x99, 0xee, 0xa3, 0x71, 0xd7, 0xeb, 0xe6, 0x3a, 0x47, 0x26, 0x7e, 0xcf, 0x99, 0xc9, 0xa4,
  0xbb, 0x8f, 0x1f, 0x9a, 0xef, 0x56, 0xb9, 0xd4, 0x4d, 0xaf, 0x7d, 0xd7, 0x9a, 0xed, 0x57, 0xe5,
  0x39, 0x78, 0x49, 0x4c, 0x16, 0xd8, 0xd0, 0xba, 0xe1, 0xb6, 0xb7, 0x7c, 0x20, 0xcf, 0xc1, 0x55,
  0xb5, 0x09, 0xef, 0x8b, 0x4b, 0xd5, 0xd4, 0x35, 0xd6, 0x35, 0xb7, 0xc5, 0x8f, 0x49, 0x55, 0x54,
  0xe6, 0xbf, 0xc0, 0x7c, 0x5c, 0x79, 0xeb, 0x6b, 0x13, 0xff, 0xda, 0xdb, 0xf7, 0x7f, 0x37, 0x26,
  0x80, 0xcb, 0x63, 0xfb, 0x35, 0x3f, 0xbf, 0xf3, 0x86, 0x3b, 0xe2, 0xc7, 0x0c, 0xf5, 0x9e, 0x2a,
  0xe8, 0xe6, 0x73, 0x89, 0x56, 0x54, 0xd5, 0xdc, 0xf9, 0xce, 0x8f, 0xe5, 0x39, 0xb8, 0x72, 0x45,
  0x55, 0xfe, 0x4b, 0xae, 0xaa, 0xad, 0x4f, 0xfc, 0xb7, 0xce, 0xff, 0xae, 0xe6, 0x79, 0x6a, 0xd9,
  0xb8, 0xa3, 0x7a, 0xb6, 0xdf, 0x9a, 0x5d, 0xaa, 0xa0, 0x8f, 0x2b, 0x2b, 0x1b, 0x56, 0xc5, 0xff,
  0x29, 0xa6, 0x26, 0x72, 0x1e, 0x87, 0x28, 0xce, 0xce, 0xeb, 0x5f, 0xb1, 0xf7, 0xd6, 0xd7, 0x16,
  0xf1, 0xc2, 0xfa, 0x55, 0x6b, 0xf2, 0x1f, 0x5c, 0x53, 0x9b, 0xc7, 0x3b, 0xb1, 0xb2, 0xc4, 0xef,
  0x44, 0x96, 0x37, 0x01, 0x1c, 0x9c, 0x91, 0xc1, 0xde, 0xf3, 0x7d, 0xa7, 0x63, 0x06, 0xe4, 0x9a,
  0xef, 0x2a, 0x79, 0x1e, 0xac, 0xf6, 0x03, 0xb9, 0x02, 0x38, 0x8a, 0xa2, 0x55, 0x1b, 0x2e, 0x4b,
  0x08, 0xe0, 0xee, 0x13, 0x6b, 0x2f, 0xbb, 0xfa, 0xd2, 0x47, 0x12, 0x2f, 0x00, 0x8e, 0xa2, 0x28,
  0x3d, 0x35, 0x79, 0xb6, 0xeb, 0x78, 0xcb, 0xc6, 0x1d, 0xcf, 0x59, 0x94, 0x29, 0xa0, 0x09, 0xdb,
  0x4b, 0xde, 0xfc, 0x87, 0x89, 0x6f, 0x58, 0x0a, 0x72, 0xbe, 0xff, 0xcc, 0xc8, 0x50, 0x5f, 0xcc,
  0x80, 0xa2, 0xf7, 0x9c, 0xdd, 0xc7, 0x0e, 0x94, 0x33, 0x80, 0x5b, 0x36, 0xef, 0xda, 0xb0, 0xfb,
  0xda, 0xb2, 0xad, 0xae, 0x0c, 0xaa, 0xaa, 0x6b, 0x97, 0xd9, 0x9f, 0x88, 0x5c, 0x52, 0x95, 0x95,
  0xcb, 0xe9, 0xdf, 0xfa, 0xa6, 0xd7, 0xff, 0xee, 0xe6, 0xbd, 0x37, 0x2e, 0xf4, 0x56, 0xcc, 0x49,
  0x43, 0xcb, 0xfa, 0xe5, 0xf4, 0x2f, 0x42, 0x38, 0x9c, 0x05, 0x1a, 0x9c, 0xee, 0xf6, 0xc2, 0x2f,
  0x63, 0x8b, 0xa2, 0x28, 0x8a, 0xea, 0x9a, 0xdb, 0x6a, 0x9b, 0xe2, 0xce, 0xcb, 0x8a, 0xbf, 0x40,
  0xae, 0x88, 0x89, 0xa0, 0x67, 0x4e, 0x01, 0x5d, 0x55, 0x53, 0x37, 0xf3, 0x85, 0x33, 0x87, 0x09,
  0x60, 0xa0, 0xb4, 0x12, 0x2f, 0xd6, 0xcd, 0xb5, 0xe7, 0x6c, 0x6c, 0xdd, 0x50, 0x53, 0x17, 0x77,
  0x90, 0xa7, 0xe4, 0xf3, 0x60, 0x01, 0x00, 0x31, 0x04, 0x70, 0x70, 0x12, 0x3f, 0x6c, 0xe5, 0x3c,
  0x61, 0x2f, 0x95, 0x8a, 0x3f, 0x97, 0xaf, 0xbb, 0xfd, 0x60, 0xcc, 0x6d, 0x00, 0x8a, 0x98, 0x08,
  0x7a, 0xe6, 0x11, 0xe3, 0x75, 0x3b, 0xf6, 0xcd, 0x3c, 0x0d, 0xa6, 0x88, 0x00, 0x76, 0x0f, 0x24,
  0xa0, 0x20, 0xc5, 0xcc, 0x80, 0x95, 0x95, 0x4a, 0xc5, 0x1f, 0x04, 0xee, 0x6a, 0x3f, 0xb0, 0xe0,
  0xe7, 0xcc, 0x03, 0x40, 0x38, 0x04, 0x70, 0x70, 0xe2, 0x8f, 0x63, 0xac, 0x6c, 0x5c, 0x1d, 0x73,
  0x61, 0x46, 0xfc, 0xc7, 0xb8, 0xb1, 0x91, 0xa1, 0xc1, 0xee, 0x13, 0xb9, 0x9e, 0x2d, 0xc9, 0x11,
  0xe0, 0x96, 0xcd, 0xbb, 0x5a, 0x36, 0xef, 0x9a, 0xf6, 0xe0, 0xf4, 0x33, 0xa5, 0x33, 0x99, 0xf8,
  0x00, 0x4e, 0x55, 0x54, 0x34, 0x17, 0x72, 0xf5, 0x23, 0xb0, 0x08, 0x65, 0xd2, 0xe9, 0xf1, 0x0b,
  0xe7, 0x87, 0x07, 0xba, 0xc7, 0x86, 0x07, 0xcb, 0xb0, 0xba, 0xf8, 0x3d, 0x67, 0xfd, 0xea, 0xb5,
  0x31, 0x13, 0x17, 0xc5, 0xef, 0x39, 0x2f, 0x0c, 0xf5, 0x9f, 0xeb, 0x8f, 0xbb, 0x2c, 0x05, 0x00,
  0x28, 0x21, 0xd7, 0x00, 0x87, 0x25, 0x9d, 0x9e, 0xea, 0x79, 0xf6, 0x50, 0xcc, 0x80, 0x35, 0x5b,
  0xf7, 0x46, 0xa9, 0x54, 0xae, 0x67, 0xe3, 0x67, 0x17, 0x8c, 0xa2, 0xa8, 0xfb, 0xe8, 0x13, 0xab,
  0xd6, 0x6d, 0x9b, 0xf5, 0xa9, 0xe6, 0x75, 0xdb, 0x52, 0xa9, 0x8a, 0x98, 0x43, 0xc4, 0xd3, 0xaa,
  0x75, 0x6c, 0x64, 0xe8, 0xfc, 0x40, 0xd7, 0xb4, 0x31, 0xad, 0x9b, 0x76, 0xa5, 0xa2, 0xd4, 0xb4,
  0x29, 0x55, 0xa7, 0x1d, 0x28, 0x1e, 0x1d, 0x19, 0x1a, 0xbf, 0x70, 0x3e, 0x66, 0x23, 0x9b, 0xd6,
  0x6c, 0xae, 0x28, 0x64, 0x6e, 0x8c, 0xc0, 0x4d, 0x8e, 0x8f, 0x9e, 0xef, 0x3b, 0x3d, 0x35, 0x39,
  0x31, 0x35, 0x39, 0x3e, 0x35, 0x31, 0xfe, 0x4f, 0xff, 0x3f, 0xed, 0x3f, 0xff, 0xe1, 0xc1, 0x89,
  0xa9, 0x89, 0xb1, 0x69, 0xff, 0x3f, 0x5e, 0xd2, 0x29, 0x52, 0x09, 0xc7, 0x60, 0xcf, 0x89, 0x1f,
  0x7f, 0xee, 0xc3, 0x13, 0xa3, 0xc3, 0xe3, 0x63, 0x23, 0x93, 0xa3, 0x23, 0xe3, 0x63, 0x23, 0x13,
  0xa3, 0xc3, 0x13, 0xa3, 0x23, 0x13, 0xa3, 0x23, 0x13, 0xa3, 0xc3, 0x93, 0x13, 0x63, 0x65, 0xdb,
  0x92, 0xa9, 0xc9, 0xf1, 0xde, 0x8e, 0x27, 0x63, 0x06, 0xc4, 0x9f, 0x1d, 0x13, 0x7f, 0x0f, 0xb9,
  0x28, 0x8a, 0xba, 0x8e, 0x1d, 0x68, 0x6c, 0xdd, 0x58, 0xcc, 0x96, 0x01, 0x00, 0x05, 0x12, 0xc0,
  0x61, 0xe9, 0x3f, 0x75, 0x64, 0x72, 0x7c, 0x34, 0x66, 0x40, 0xfc, 0x91, 0x8a, 0x7c, 0xe6, 0xc1,
  0xda, 0x7d, 0xf3, 0x2f, 0xce, 0xfa, 0x54, 0x65, 0x55, 0x75, 0x63, 0xdb, 0xc6, 0x98, 0x63, 0xb3,
  0x23, 0x43, 0x7d, 0x97, 0xde, 0x0e, 0x64, 0xd6, 0x19, 0xb3, 0x5a, 0x37, 0xef, 0x4a, 0xcd, 0xe8,
  0xf3, 0xe1, 0x81, 0xee, 0xb1, 0xe1, 0xa1, 0x8b, 0x37, 0x20, 0x19, 0xca, 0x7d, 0x14, 0x3a, 0xcb,
  0xf9, 0xcf, 0x05, 0x39, 0x73, 0xf4, 0xf1, 0x7b, 0x3e, 0xfa, 0x8e, 0x85, 0xde, 0x0a, 0x42, 0x74,
  0xbe, 0xef, 0xf4, 0x81, 0x7b, 0xff, 0x76, 0xa1, 0xb7, 0x22, 0x8a, 0xa2, 0xa8, 0xaf, 0xe3, 0xa9,
  0xf8, 0x19, 0xe9, 0xe7, 0xb8, 0xe7, 0xec, 0x3e, 0x76, 0x60, 0x67, 0xd2, 0x5d, 0xa6, 0x00, 0x80,
  0x92, 0x70, 0x0a, 0x74, 0x58, 0x12, 0x2f, 0x00, 0x8e, 0x3f, 0x52, 0xd1, 0xb0, 0x7a, 0xdd, 0xb4,
  0x3b, 0x15, 0xcd, 0x58, 0x7e, 0xdc, 0x65, 0x72, 0x89, 0x53, 0x4f, 0x0d, 0xf5, 0x9e, 0xba, 0xf8,
  0xf5, 0xcc, 0x00, 0xae, 0xa8, 0xa8, 0x5c, 0xb5, 0x7e, 0xfb, 0xcc, 0x53, 0xa0, 0xa7, 0x0d, 0x36,
  0x03, 0x16, 0x50, 0x5a, 0xc9, 0x33, 0x60, 0xc5, 0x9e, 0x1d, 0xd3, 0xb4, 0x66, 0x73, 0x75, 0xec,
  0x5d, 0xa9, 0xcc, 0x83, 0x05, 0x00, 0x65, 0xe3, 0x08, 0x70, 0x58, 0x12, 0x3f, 0x66, 0xb5, 0x6c,
  0xda, 0x19, 0x7f, 0x1b, 0xfa, 0xd6, 0x2d, 0xbb, 0x4f, 0x1d, 0xfe, 0x69, 0xae, 0x67, 0xfb, 0x4f,
  0x1d, 0x99, 0x18, 0x1b, 0x99, 0x75, 0xae, 0xe6, 0x28, 0x8a, 0x56, 0xaf, 0xbf, 0xac, 0xe3, 0x89,
  0xfb, 0x63, 0x16, 0x3e, 0xd4, 0x73, 0xb2, 0x65, 0xd3, 0xce, 0x7f, 0x58, 0xd4, 0xc9, 0xe9, 0x01,
  0xbc, 0x6a, 0xc3, 0x65, 0x15, 0x2b, 0xaa, 0x56, 0xad, 0xdb, 0x56, 0x51, 0xb9, 0x62, 0xda, 0x46,
  0xf6, 0x9d, 0x7a, 0xe6, 0xe2, 0x44, 0xfc, 0x61, 0x06, 0x70, 0xc7, 0xc1, 0x07, 0x4e, 0x1c, 0x78,
  0x60, 0xd6, 0xa7, 0x52, 0xa9, 0xd4, 0xcd, 0x6f, 0xf8, 0x77, 0x65, 0xde, 0x1e, 0x58, 0x4e, 0x12,
  0x67, 0xc0, 0x6a, 0xd9, 0xb8, 0x23, 0x7e, 0xcf, 0xd9, 0xb2, 0x65, 0xf7, 0x99, 0x67, 0x1e, 0xcd,
  0xf5, 0x6c, 0xef, 0x89, 0xa7, 0xa6, 0x26, 0xc6, 0x2b, 0xab, 0xaa, 0x8b, 0xdc, 0x3e, 0x00, 0x20,
  0x6f, 0x02, 0x38, 0x2c, 0x5d, 0x49, 0x01, 0xfc, 0xf7, 0xef, 0x7f, 0xcd, 0x5c, 0x96, 0x9f, 0xc9,
  0xa4, 0x7b, 0x9e, 0x3d, 0xb4, 0xf1, 0x8a, 0xeb, 0x66, 0x7d, 0xb6, 0xa0, 0x89, 0xa0, 0x67, 0xde,
  0x04, 0xb8, 0x75, 0xf3, 0xee, 0x28, 0x8a, 0x2a, 0x56, 0x54, 0xad, 0xde, 0x70, 0x79, 0xdf, 0xc9,
  0xa7, 0x2f, 0x7d, 0xaa, 0xa0, 0x23, 0xc0, 0xcb, 0xf2, 0x14, 0xe8, 0x9e, 0x67, 0x7f, 0xf6, 0xb3,
  0xef, 0x7f, 0x6e, 0xd6, 0xa7, 0x2a, 0x2a, 0x2a, 0x05, 0x30, 0xcc, 0x45, 0xd7, 0xb1, 0x27, 0xe2,
  0x07, 0xfc, 0xed, 0x7b, 0x67, 0xbf, 0xf4, 0x23, 0x4f, 0xe9, 0xa9, 0xc9, 0xde, 0x8e, 0x27, 0xd7,
  0xed, 0xd8, 0x37, 0x97, 0x85, 0x00, 0x00, 0xf9, 0x10, 0xc0, 0x01, 0x19, 0x1d, 0x1e, 0x1c, 0xec,
  0xee, 0x98, 0xef, 0xb5, 0x74, 0x1f, 0x3b, 0x90, 0x2b, 0x80, 0xf3, 0x9f, 0x08, 0x3a, 0x93, 0x49,
  0xcf, 0x3c, 0x05, 0xba, 0x65, 0xf3, 0xce, 0x8b, 0x5f, 0x4c, 0x0f, 0xe0, 0x4b, 0xe6, 0x8b, 0x4e,
  0x3e, 0x02, 0xbc, 0x7e, 0x7b, 0xfc, 0x00, 0xe6, 0x6e, 0x45, 0x4d, 0x6d, 0xc3, 0xea, 0x75, 0x0d,
  0xab, 0xd7, 0xd5, 0xb7, 0xac, 0xab, 0xa8, 0x58, 0x71, 0xf8, 0xfe, 0x2f, 0x2e, 0xf4, 0x16, 0xb1,
  0xf4, 0xd4, 0xd4, 0x37, 0xad, 0xd9, 0x7e, 0xd5, 0x5c, 0x96, 0x50, 0x92, 0xdf, 0x76, 0x8d, 0x9c,
  0xed, 0x39, 0xdf, 0x7f, 0x66, 0xee, 0xcb, 0x89, 0xd7, 0xd5, 0x7e, 0x40, 0x00, 0x03, 0x40, 0x19,
  0x08, 0xe0, 0x80, 0x74, 0xb7, 0x27, 0x9c, 0xc5, 0x57, 0x12, 0x31, 0x17, 0xcb, 0x25, 0x5f, 0x03,
  0xfc, 0x8f, 0xed, 0x7a, 0xae, 0xb7, 0x73, 0x72, 0xec, 0xc2, 0xb4, 0x67, 0x5b, 0x37, 0xed, 0xba,
  0xf8, 0xc5, 0xb4, 0xa3, 0xc3, 0xfd, 0x9d, 0x47, 0x33, 0x99, 0x74, 0x2a, 0x55, 0x11, 0x25, 0x05,
  0x70, 0xfd, 0xea, 0xb5, 0x55, 0x2b, 0x67, 0x3f, 0x43, 0x9b, 0xe2, 0x34, 0xaf, 0xdb, 0xba, 0xee,
  0xf2, 0x7d, 0xd9, 0xd6, 0xad, 0x5f, 0xbd, 0x2e, 0xdb, 0xbd, 0xd5, 0xb5, 0x0d, 0x17, 0xa7, 0x13,
  0xef, 0xef, 0x3c, 0x2a, 0x80, 0x29, 0x42, 0xdb, 0x96, 0x3d, 0xaf, 0x7c, 0xe7, 0xc7, 0x16, 0x7a,
  0x2b, 0xca, 0xb4, 0xe7, 0x74, 0x19, 0x30, 0x00, 0x94, 0x87, 0x00, 0x0e, 0x48, 0x79, 0x3e, 0x60,
  0x75, 0x1f, 0x3b, 0x18, 0x65, 0x32, 0xb3, 0xde, 0x4b, 0xa9, 0xba, 0xb6, 0xa1, 0xae, 0xb9, 0x6d,
  0x64, 0xb0, 0x37, 0xd7, 0x6b, 0x2f, 0xb6, 0xeb, 0xac, 0x53, 0x40, 0xb7, 0x6c, 0xd9, 0x3d, 0xed,
  0x8b, 0x8b, 0x26, 0xc7, 0x2e, 0x9c, 0xeb, 0xed, 0x6c, 0x5a, 0xb3, 0x79, 0x72, 0x7c, 0x34, 0x66,
  0xf9, 0xd1, 0x32, 0x3d, 0xff, 0x79, 0x61, 0xed, 0xf9, 0xb9, 0x5f, 0x7a, 0xfe, 0x2b, 0xde, 0xbc,
  0xd0, 0x5b, 0x01, 0xf3, 0x25, 0x71, 0x06, 0xac, 0x92, 0x10, 0xc0, 0x00, 0x50, 0x1e, 0x66, 0x81,
  0x0e, 0x48, 0xe2, 0x65, 0x6c, 0x25, 0x71, 0xe1, 0x5c, 0xff, 0x50, 0x5f, 0x67, 0xae, 0x67, 0xe3,
  0x0f, 0x02, 0x9f, 0xef, 0x3b, 0x9d, 0x4e, 0x4f, 0x45, 0xcf, 0x3d, 0xa5, 0x39, 0x6b, 0x65, 0xe3,
  0xea, 0xba, 0xc6, 0x96, 0xec, 0xd7, 0x17, 0x0f, 0x05, 0x5f, 0x2a, 0xfb, 0x92, 0x4b, 0xe7, 0x91,
  0x2e, 0x62, 0x03, 0x00, 0xa6, 0x49, 0x9c, 0x3a, 0xa1, 0x24, 0xce, 0x0f, 0x74, 0x0d, 0x9f, 0xed,
  0x2e, 0xc3, 0x8a, 0x00, 0x20, 0x70, 0x02, 0x38, 0x14, 0x99, 0x74, 0xba, 0x3c, 0x27, 0xf2, 0x45,
  0xb1, 0x87, 0x32, 0xe2, 0x0f, 0xc0, 0xa6, 0xd3, 0x53, 0xd9, 0x6b, 0xed, 0x66, 0x99, 0x01, 0x6b,
  0xd3, 0xae, 0x8b, 0x47, 0x95, 0x6b, 0x9b, 0x5a, 0x6a, 0xff, 0x31, 0x86, 0x2f, 0xca, 0xbe, 0x24,
  0xcc, 0x29, 0xa0, 0x81, 0x79, 0x92, 0x9e, 0x9a, 0xec, 0x7d, 0xf6, 0x50, 0x79, 0xd6, 0x95, 0x38,
  0xd7, 0x34, 0x00, 0x30, 0x77, 0x4e, 0x81, 0x0e, 0xc5, 0xd9, 0x33, 0xcf, 0x4e, 0x8c, 0x8e, 0x94,
  0x67, 0x5d, 0xdd, 0xc7, 0x0e, 0xec, 0xbc, 0xe1, 0x8e, 0x59, 0x9f, 0x4a, 0x9c, 0x08, 0xfa, 0xff,
  0xfc, 0xa7, 0x37, 0x54, 0x54, 0x54, 0xce, 0xdc, 0xd4, 0xd6, 0xe7, 0xde, 0xfe, 0xb7, 0x75, 0xf3,
  0xae, 0x93, 0x87, 0x7f, 0x72, 0xe9, 0x23, 0x8f, 0xde, 0xf3, 0xe9, 0x03, 0xdf, 0xf9, 0xdb, 0xa9,
  0xc9, 0xf1, 0xf8, 0xe5, 0x3b, 0x05, 0x1a, 0xc8, 0x5f, 0xff, 0xa9, 0x23, 0x93, 0x13, 0x63, 0xe5,
  0x59, 0x57, 0x57, 0xfb, 0x81, 0xcb, 0xae, 0x7d, 0x69, 0x79, 0xd6, 0x05, 0x00, 0xc1, 0x12, 0xc0,
  0xa1, 0x48, 0xbc, 0x8c, 0xad, 0xb6, 0xa9, 0x25, 0x7b, 0x9f, 0xa1, 0x44, 0x63, 0xc3, 0x43, 0x3d,
  0xc7, 0xe3, 0x0e, 0x89, 0xc4, 0xac, 0x2b, 0xb1, 0x3f, 0x67, 0xce, 0x7d, 0x95, 0xd5, 0xf2, 0xdc,
  0x00, 0x6e, 0x99, 0x11, 0xc0, 0xe9, 0xa9, 0xc9, 0xf1, 0x0b, 0xe7, 0xe3, 0x17, 0x1e, 0xe5, 0x51,
  0xe0, 0x39, 0x65, 0x32, 0xe9, 0xc9, 0x89, 0xbc, 0x06, 0x46, 0x99, 0x22, 0x57, 0x01, 0x2c, 0x32,
  0x89, 0x97, 0xe6, 0xd6, 0x35, 0xb7, 0x5d, 0xbc, 0x7b, 0x79, 0xbc, 0xd1, 0xf3, 0x67, 0x7b, 0x3b,
  0x9e, 0x9c, 0xcb, 0xba, 0x16, 0xb9, 0xf4, 0xd4, 0x64, 0x3e, 0x3b, 0xc9, 0x4c, 0x7a, 0xaa, 0x0c,
  0x1b, 0x03, 0x94, 0x41, 0xef, 0x89, 0xa7, 0x0e, 0xfd, 0xe0, 0x0b, 0x45, 0xbc, 0xb0, 0x65, 0xd3,
  0xce, 0xf5, 0x3b, 0x9e, 0x5f, 0xf2, 0xed, 0x81, 0x3c, 0x09, 0xe0, 0x50, 0x74, 0x1f, 0x4d, 0xb8,
  0x00, 0xf8, 0x8a, 0x9b, 0xef, 0xba, 0xe1, 0x97, 0x7f, 0x27, 0x9f, 0x45, 0x9d, 0xeb, 0xeb, 0xfc,
  0xec, 0x7b, 0xef, 0x8a, 0x19, 0xd0, 0xd7, 0xf1, 0xd4, 0xe4, 0xc4, 0xd8, 0x8a, 0xaa, 0x9a, 0x99,
  0x4f, 0x15, 0x7d, 0x06, 0xf2, 0xcc, 0x00, 0x2e, 0x62, 0x21, 0x35, 0xf5, 0x4d, 0xb5, 0x0d, 0xab,
  0x8b, 0xdb, 0x80, 0xf4, 0xd4, 0xe4, 0xdd, 0xef, 0x78, 0x51, 0x71, 0xaf, 0x9d, 0xa3, 0xe3, 0x8f,
  0xdd, 0x97, 0x78, 0x17, 0x96, 0x99, 0x57, 0x4d, 0x97, 0xcd, 0x60, 0xcf, 0x89, 0xce, 0x27, 0x1f,
  0x8a, 0x19, 0x10, 0x73, 0x4d, 0xf8, 0xd2, 0x72, 0x6c, 0xff, 0xbd, 0x67, 0xf3, 0xb9, 0x91, 0x58,
  0x66, 0xe1, 0x7f, 0x03, 0xf2, 0xd0, 0x97, 0x3f, 0x5e, 0x53, 0xdf, 0x1c, 0x3f, 0x66, 0xd3, 0x9e,
  0xeb, 0xaf, 0xb8, 0x39, 0xee, 0x8d, 0xbc, 0xe0, 0xfa, 0x3b, 0x8f, 0x7c, 0xf7, 0xd3, 0xef, 0x2f,
  0xfa, 0xe5, 0xfb, 0x7e, 0xe1, 0xd7, 0xda, 0xb6, 0x5c, 0x31, 0xc7, 0x6d, 0x48, 0xbc, 0x00, 0x78,
  0xef, 0x8b, 0x5f, 0xf3, 0xc2, 0x5f, 0x7c, 0x5b, 0x3e, 0x8b, 0x3a, 0xdb, 0x75, 0xfc, 0x73, 0x7f,
  0xf8, 0xda, 0x98, 0x01, 0x3d, 0xc7, 0x0f, 0xa5, 0x27, 0x27, 0x2a, 0x56, 0x54, 0x15, 0xb0, 0x7d,
  0x8b, 0xc9, 0xb7, 0x3e, 0xfe, 0xbb, 0x0b, 0xbd, 0x09, 0x25, 0xd6, 0xdf, 0x79, 0x74, 0xe5, 0x93,
  0xab, 0xe2, 0xc7, 0xe4, 0xf9, 0x8b, 0xd1, 0xfc, 0x3d, 0xf8, 0xc5, 0x3f, 0xab, 0xae, 0x6d, 0x88,
  0x1f, 0x53, 0x86, 0xfb, 0x72, 0x25, 0xfa, 0xd9, 0xf7, 0x3f, 0xd7, 0x71, 0xf0, 0x81, 0xf8, 0x31,
  0x13, 0xa3, 0xc3, 0xe5, 0xd9, 0x98, 0xb9, 0x1b, 0xea, 0xea, 0x88, 0xff, 0x41, 0x16, 0x45, 0xd1,
  0xf8, 0x58, 0x89, 0x4f, 0xa3, 0x7b, 0xec, 0x9b, 0xff, 0xeb, 0xe9, 0x1f, 0x7f, 0x2d, 0x7e, 0xcc,
  0xba, 0xcb, 0x9e, 0x77, 0xd5, 0x6d, 0xaf, 0xcf, 0x73, 0x81, 0x3d, 0xc7, 0x0f, 0x4f, 0x8e, 0x8f,
  0xc6, 0x0c, 0x98, 0x9a, 0x2a, 0xf1, 0xb7, 0xeb, 0xc9, 0x43, 0x0f, 0x9e, 0x3c, 0xf4, 0x60, 0x11,
  0x2f, 0x7c, 0xde, 0xcb, 0xde, 0x98, 0x7f, 0x00, 0x0f, 0x9c, 0x6e, 0x4f, 0xfc, 0xd7, 0x99, 0x1a,
  0x2f, 0xd3, 0xa9, 0x3a, 0x2c, 0x0f, 0x02, 0x38, 0x14, 0x89, 0x47, 0x80, 0xdb, 0xb6, 0xee, 0xc9,
  0x73, 0x51, 0x8d, 0x2d, 0x1b, 0x6a, 0xea, 0x9a, 0xc6, 0x46, 0x86, 0x72, 0x0d, 0x48, 0xa7, 0xa7,
  0x7a, 0x3b, 0x9e, 0x9c, 0x75, 0xd7, 0x56, 0xd7, 0xd4, 0x5a, 0xbd, 0xb2, 0x7e, 0xbc, 0xc0, 0x1f,
  0x8a, 0xa9, 0x8a, 0x8a, 0xd5, 0xcf, 0x2d, 0xe7, 0xd6, 0xa2, 0x02, 0x78, 0xf5, 0xfa, 0xcb, 0x66,
  0x9d, 0x9e, 0xba, 0x9c, 0x1a, 0x5b, 0x36, 0x14, 0xfa, 0x92, 0x81, 0xd3, 0xc7, 0x06, 0x4e, 0x1f,
  0x9b, 0x8f, 0x8d, 0xc9, 0x47, 0xe2, 0x47, 0xb1, 0x27, 0xef, 0xff, 0xd2, 0x93, 0xf7, 0x7f, 0xa9,
  0x3c, 0x1b, 0x33, 0xaf, 0x9a, 0xd7, 0x6e, 0x6d, 0x6c, 0xdd, 0x78, 0x2e, 0x77, 0xae, 0xf7, 0x9f,
  0x3a, 0x32, 0xeb, 0xfc, 0xe4, 0xe5, 0x57, 0x5d, 0xd7, 0x18, 0x3f, 0xe0, 0xc4, 0xc1, 0x1f, 0x25,
  0x2f, 0x64, 0x65, 0xfd, 0x22, 0x0f, 0xe0, 0x0b, 0x43, 0xfd, 0x47, 0x7e, 0xf2, 0x8d, 0xa2, 0x5f,
  0xbe, 0xf3, 0xba, 0x97, 0x47, 0x73, 0x0f, 0xe0, 0xd2, 0xed, 0x39, 0x9b, 0xd7, 0x6e, 0xa9, 0xaa,
  0xa9, 0x9b, 0xc8, 0xfd, 0x19, 0x7a, 0x6a, 0x62, 0xbc, 0xef, 0xd4, 0x33, 0x6b, 0xb6, 0x5d, 0x59,
  0xc0, 0xf6, 0x2d, 0x3b, 0x55, 0x35, 0x75, 0x35, 0x49, 0xdf, 0xde, 0x65, 0xb3, 0xff, 0xeb, 0x77,
  0xef, 0xff, 0xfa, 0xdd, 0x65, 0x5e, 0x69, 0xc7, 0x13, 0xf7, 0xcf, 0x71, 0x09, 0xd5, 0x2b, 0xeb,
  0xd7, 0x5e, 0x7e, 0x75, 0x49, 0x36, 0x26, 0x46, 0xd7, 0xd1, 0x27, 0xba, 0x92, 0x7e, 0xb1, 0x9e,
  0x20, 0x95, 0xda, 0xb4, 0xf7, 0x86, 0x12, 0x6d, 0xce, 0x5c, 0x1d, 0xfa, 0xc1, 0x17, 0x8a, 0x3b,
  0x92, 0x19, 0xa3, 0xa6, 0x36, 0xe1, 0x3b, 0x39, 0x31, 0xea, 0xa2, 0x28, 0xca, 0x4c, 0x4d, 0xe5,
  0x1f, 0xc0, 0x0f, 0xfc, 0xdd, 0x9f, 0xe4, 0x39, 0x72, 0x69, 0x79, 0xfc, 0xdb, 0x7f, 0xf5, 0xf8,
  0xb7, 0xff, 0x6a, 0xa1, 0xb7, 0x82, 0x65, 0xc5, 0x24, 0x58, 0x41, 0x18, 0xbf, 0x70, 0x7e, 0xe0,
  0x74, 0x7b, 0xfc, 0x98, 0xfc, 0x3f, 0xc6, 0x45, 0xa9, 0x54, 0xe2, 0xe0, 0x9c, 0xe7, 0xf2, 0xa5,
  0x52, 0x45, 0x1c, 0x04, 0x5e, 0xb5, 0x7e, 0x7b, 0xe5, 0x8a, 0xea, 0x69, 0x8f, 0x54, 0x54, 0x54,
  0x16, 0xbc, 0x9c, 0x85, 0x9e, 0x01, 0xab, 0x6d, 0xeb, 0x9e, 0xdb, 0x7f, 0xeb, 0x43, 0x0b, 0xbb,
  0x0d, 0x85, 0x5a, 0xbb, 0xfd, 0xaa, 0x5b, 0x7e, 0xf5, 0xf7, 0x16, 0x7a, 0x2b, 0xca, 0xa1, 0xb6,
  0xa9, 0xe5, 0xd5, 0xef, 0xf9, 0x44, 0x63, 0xeb, 0xc6, 0x85, 0xde, 0x90, 0x64, 0xfb, 0x5e, 0xfe,
  0xeb, 0x3b, 0xae, 0x7b, 0xf9, 0x42, 0x6f, 0x45, 0x09, 0xbc, 0xe0, 0xce, 0x7f, 0xb9, 0xd0, 0x9b,
  0x10, 0x67, 0xf4, 0xfc, 0xd9, 0xa1, 0xee, 0x13, 0xf1, 0x63, 0xf2, 0xdf, 0x73, 0xa6, 0x52, 0x15,
  0xad, 0x33, 0x6e, 0xe1, 0x36, 0x4d, 0xe0, 0xf3, 0x60, 0x55, 0xd5, 0xd4, 0xdd, 0xf9, 0xae, 0x8f,
  0xd5, 0xad, 0x5a, 0x53, 0x9e, 0xd5, 0x6d, 0xbb, 0xe6, 0x25, 0xab, 0x37, 0x5c, 0x3e, 0x7f, 0xcb,
  0x4f, 0xa5, 0x2a, 0x9e, 0x7f, 0xc7, 0xbf, 0x98, 0xbf, 0xe5, 0xcf, 0xaa, 0x7a, 0x65, 0xfd, 0x2b,
  0xdf, 0xf5, 0xe7, 0x79, 0x5e, 0xd0, 0xb4, 0x90, 0x52, 0xa9, 0xdb, 0xde, 0xf2, 0x81, 0xcb, 0x5f,
  0x78, 0x7b, 0x79, 0xd6, 0xb6, 0x7e, 0xe7, 0x35, 0xeb, 0x77, 0xbd, 0x60, 0x5e, 0x57, 0x71, 0xcd,
  0x2b, 0x7f, 0x63, 0xda, 0x23, 0x57, 0xdc, 0xf2, 0xcf, 0xf6, 0xde, 0xfa, 0x9a, 0x12, 0xae, 0x62,
  0xd7, 0x8b, 0x5e, 0x55, 0xbf, 0x6a, 0x6d, 0x09, 0x17, 0x38, 0xcd, 0x8a, 0xaa, 0x9a, 0xe7, 0xbd,
  0xec, 0x57, 0x2f, 0x7d, 0xa4, 0x65, 0xe3, 0x8e, 0x6d, 0xfb, 0x6e, 0x9d, 0xbf, 0x35, 0x66, 0x6d,
  0xb9, 0xea, 0xe6, 0xb9, 0x9f, 0xad, 0x13, 0x27, 0x95, 0xba, 0xe6, 0x8e, 0xb7, 0xcc, 0xe3, 0xf2,
  0x59, 0x82, 0x04, 0x70, 0x10, 0x7a, 0x9e, 0x3d, 0x14, 0x7f, 0x5a, 0x66, 0x75, 0x6d, 0x43, 0x53,
  0xdb, 0xa6, 0xfc, 0x17, 0x58, 0x7c, 0x00, 0x17, 0x55, 0xa1, 0x33, 0x7f, 0x96, 0x57, 0xae, 0xa8,
  0x2e, 0x2e, 0xa4, 0x0b, 0x7d, 0x49, 0x09, 0xb5, 0x6d, 0xdd, 0xf3, 0xaa, 0x77, 0x7f, 0xbc, 0xa6,
  0xae, 0x69, 0x01, 0xb7, 0xa1, 0x38, 0x57, 0xfe, 0xfc, 0xeb, 0x02, 0x69, 0xe0, 0xc6, 0xd6, 0x8d,
  0x4b, 0xa2, 0x81, 0x2b, 0x2a, 0x2a, 0x6f, 0x7b, 0xeb, 0x07, 0x97, 0x41, 0x03, 0x5f, 0x7f, 0xd7,
  0x6f, 0xbf, 0x60, 0xc6, 0xa7, 0xc6, 0xc5, 0x23, 0x71, 0xe6, 0xfc, 0x95, 0x8d, 0xab, 0xeb, 0x0b,
  0xa9, 0xb5, 0xc4, 0x3d, 0x67, 0x79, 0xee, 0x39, 0xbc, 0x38, 0x65, 0xeb, 0xb7, 0x9c, 0x97, 0x05,
  0xd6, 0x36, 0xb6, 0xbc, 0xfa, 0x3d, 0x9f, 0x98, 0xa7, 0x06, 0x4e, 0xa5, 0x2a, 0x6e, 0x7b, 0xeb,
  0x07, 0x77, 0x5e, 0xff, 0x8a, 0xf9, 0x58, 0x78, 0x2e, 0xd9, 0xfa, 0x5d, 0x7b, 0xf9, 0xf3, 0xca,
  0xb9, 0xd2, 0x62, 0xa4, 0x52, 0xb7, 0xbd, 0xe5, 0x03, 0xbb, 0x6e, 0x7a, 0x65, 0xd9, 0x56, 0x58,
  0x55, 0x53, 0x77, 0xe7, 0xbf, 0xfe, 0xef, 0xeb, 0x77, 0x5e, 0x33, 0x4f, 0xcb, 0xbf, 0xe9, 0x75,
  0xef, 0xde, 0x77, 0xfb, 0x9b, 0xa6, 0x3d, 0x98, 0x4a, 0x55, 0xdc, 0xf2, 0xc6, 0xdf, 0x2f, 0x61,
  0x03, 0x37, 0xaf, 0xdd, 0xfa, 0xea, 0xf7, 0x7c, 0x62, 0x9e, 0x1a, 0x78, 0x45, 0x55, 0xcd, 0x1d,
  0xbf, 0xf3, 0xd1, 0x8d, 0x7b, 0xae, 0xbf, 0xf4, 0xc1, 0x8a, 0x15, 0x55, 0xb7, 0xff, 0xd6, 0x87,
  0xe6, 0xbb, 0x81, 0x6b, 0xea, 0x9b, 0x5e, 0xf5, 0xee, 0xbf, 0x98, 0xaf, 0x06, 0x4e, 0xa5, 0x5e,
  0xf2, 0xeb, 0xef, 0xbf, 0xe2, 0xe7, 0x16, 0xf5, 0xe9, 0x4e, 0x94, 0x9f, 0x00, 0x0e, 0x42, 0xe2,
  0x1d, 0x80, 0xdb, 0xb6, 0x5c, 0x51, 0xd0, 0xb9, 0xc1, 0xc9, 0x1f, 0xe3, 0x8a, 0xbd, 0x13, 0xd2,
  0xac, 0x66, 0xbd, 0xe2, 0xb7, 0x88, 0xcb, 0x80, 0x17, 0xf0, 0x08, 0xf0, 0xd2, 0xad, 0xdf, 0x2c,
  0x0d, 0xbc, 0xd8, 0x2c, 0x93, 0x06, 0x4e, 0xa5, 0x16, 0x73, 0x03, 0x27, 0xef, 0x39, 0xb7, 0xee,
  0x29, 0xed, 0x9e, 0x33, 0x71, 0xb2, 0x86, 0xe5, 0xaa, 0xfc, 0xf5, 0x9b, 0x35, 0x4f, 0x0d, 0xac,
  0x7e, 0xe3, 0x94, 0xbd, 0x7e, 0xb3, 0xaa, 0x6a, 0xea, 0xee, 0x7c, 0xe7, 0x9f, 0xcd, 0x47, 0x03,
  0xcf, 0x5a, 0xbf, 0x59, 0x4b, 0xa5, 0x81, 0x67, 0xad, 0xdf, 0xac, 0xca, 0x15, 0xd5, 0x4b, 0xb8,
  0x81, 0xd5, 0x2f, 0x39, 0x08, 0xe0, 0x20, 0x24, 0x4e, 0x2e, 0x5a, 0xc0, 0xf9, 0xcf, 0xf9, 0x8d,
  0x1f, 0x3e, 0xdb, 0x3d, 0x3c, 0xd0, 0x3d, 0xeb, 0x53, 0x45, 0xcc, 0xc3, 0xdc, 0xba, 0x69, 0x96,
  0xd6, 0x9d, 0xf5, 0xc1, 0x78, 0x0b, 0x75, 0x0f, 0xa4, 0xa5, 0x5e, 0xbf, 0x59, 0x1a, 0x78, 0xb1,
  0xd1, 0xc0, 0xf3, 0x2d, 0xf1, 0x84, 0xe4, 0x92, 0xef, 0x39, 0x87, 0x7a, 0x4f, 0x5d, 0x38, 0xd7,
  0x5f, 0xd0, 0x32, 0x97, 0x81, 0x85, 0xaa, 0xdf, 0xac, 0x92, 0x37, 0xb0, 0xfa, 0x8d, 0xb3, 0x40,
  0xf5, 0x9b, 0x35, 0x1f, 0x0d, 0x1c, 0x53, 0xbf, 0x59, 0x8b, 0xbf, 0x81, 0x63, 0xea, 0x37, 0x6b,
  0xa9, 0x36, 0xb0, 0xfa, 0x25, 0x37, 0x01, 0x1c, 0x80, 0x4c, 0xa6, 0x84, 0xf3, 0xb8, 0x64, 0x35,
  0xad, 0xdd, 0x5c, 0x55, 0x53, 0x17, 0x3f, 0x26, 0xd7, 0x4a, 0x8b, 0xa8, 0xd0, 0x59, 0xa7, 0xbc,
  0x2a, 0x74, 0x1e, 0xac, 0x15, 0x55, 0x35, 0x0d, 0xad, 0xeb, 0x0b, 0x5d, 0xf5, 0xdc, 0x2d, 0x8f,
  0xfa, 0xcd, 0xd2, 0xc0, 0x8b, 0x8d, 0x06, 0x9e, 0x3f, 0x99, 0x74, 0xba, 0xfb, 0xd9, 0x12, 0x07,
  0xf0, 0xaa, 0x0d, 0x97, 0x55, 0x56, 0x55, 0xc7, 0x8f, 0x49, 0x3c, 0xef, 0x7a, 0x99, 0x59, 0xd8,
  0xfa, 0xcd, 0x2a, 0x61, 0x03, 0xab, 0xdf, 0x38, 0x0b, 0x5a, 0xbf, 0x59, 0xa5, 0x6d, 0xe0, 0xc4,
  0xfa, 0xcd, 0x5a, 0xcc, 0x0d, 0x9c, 0x58, 0xbf, 0x59, 0x4b, 0xaf, 0x81, 0xd5, 0x2f, 0xb1, 0x04,
  0xf0, 0xf2, 0x37, 0xd8, 0x73, 0x62, 0x6c, 0x38, 0xe7, 0x8c, 0xcd, 0x59, 0x85, 0x7e, 0x8c, 0x4b,
  0xa5, 0x2a, 0x5a, 0xb7, 0x26, 0xec, 0xa1, 0x72, 0x1d, 0x76, 0x6e, 0x6c, 0xdb, 0x34, 0x6d, 0x46,
  0xab, 0x78, 0x2b, 0xeb, 0x9b, 0xeb, 0x9a, 0xdb, 0x66, 0x3e, 0x5e, 0xe8, 0x29, 0xd0, 0xcd, 0xeb,
  0xb7, 0xa5, 0x52, 0xe5, 0xfe, 0x86, 0x5f, 0x4e, 0xf5, 0x9b, 0xa5, 0x81, 0x17, 0x1b, 0x0d, 0x3c,
  0x4f, 0x06, 0xce, 0xb4, 0x4f, 0x8c, 0x26, 0xdc, 0xf5, 0xa4, 0xd0, 0x3d, 0x67, 0x45, 0x45, 0x65,
  0xe2, 0xa9, 0x2b, 0x41, 0xcd, 0x83, 0xb5, 0x18, 0xea, 0x37, 0xab, 0x24, 0x0d, 0xac, 0x7e, 0xe3,
  0x2c, 0x82, 0xfa, 0xcd, 0x2a, 0x55, 0x03, 0xe7, 0x59, 0xbf, 0x59, 0x8b, 0xb3, 0x81, 0xf3, 0xac,
  0xdf, 0xac, 0xa5, 0xd4, 0xc0, 0xea, 0x97, 0x24, 0x02, 0x78, 0xf9, 0x4b, 0xbc, 0x8f, 0xe5, 0x8a,
  0xea, 0x95, 0xcd, 0xeb, 0xb6, 0x15, 0xba, 0xd8, 0xc4, 0xdd, 0x53, 0xae, 0xcb, 0xe7, 0x52, 0x15,
  0x15, 0xcd, 0xeb, 0xb6, 0xe6, 0xbf, 0xa2, 0x96, 0xcd, 0xbb, 0x66, 0xbd, 0xca, 0xae, 0xae, 0xa9,
  0x75, 0x65, 0x43, 0xc2, 0x1d, 0x1a, 0x2f, 0x55, 0xfe, 0xf3, 0x9f, 0x97, 0x5f, 0xfd, 0x66, 0x69,
  0xe0, 0xc5, 0x46, 0x03, 0xcf, 0x87, 0xc4, 0xcb, 0x71, 0xab, 0x6b, 0x1b, 0x9a, 0x0a, 0xff, 0xde,
  0x48, 0xfc, 0xd5, 0x61, 0xe2, 0x85, 0xc7, 0xcb, 0xc6, 0xe2, 0xa9, 0xdf, 0xac, 0x39, 0x36, 0xb0,
  0xfa, 0x8d, 0xb3, 0x68, 0xea, 0x37, 0x6b, 0xee, 0x0d, 0x5c, 0x50, 0xfd, 0x66, 0x2d, 0xb6, 0x06,
  0x2e, 0xa8, 0x7e, 0xb3, 0x96, 0x46, 0x03, 0xab, 0x5f, 0xf2, 0x90, 0xca, 0xc4, 0x4e, 0x0e, 0xcc,
  0x32, 0x70, 0xf6, 0xcc, 0xb3, 0x83, 0xdd, 0x1d, 0x31, 0x03, 0xaa, 0x6a, 0xea, 0x36, 0x5e, 0x71,
  0x5d, 0xa1, 0x8b, 0x1d, 0xea, 0x3d, 0x35, 0xd0, 0x79, 0x34, 0x66, 0x40, 0x65, 0x65, 0xd5, 0xe6,
  0xab, 0x5e, 0x34, 0xeb, 0x53, 0xdd, 0xed, 0x07, 0xf3, 0xbf, 0xce, 0xad, 0x61, 0xf5, 0xfa, 0x5c,
  0xf7, 0x0e, 0x39, 0xfd, 0xcc, 0xfe, 0xf1, 0x0b, 0xe7, 0xf3, 0x5c, 0x4e, 0xd3, 0x9a, 0xcd, 0xf1,
  0x9f, 0x6c, 0xce, 0x1c, 0x7d, 0x7c, 0x6c, 0x78, 0x30, 0xcf, 0xa5, 0xe5, 0x63, 0xfd, 0xce, 0x6b,
  0xf2, 0xa9, 0xdf, 0xf1, 0x91, 0x73, 0xa7, 0x8f, 0x3c, 0x5a, 0xc2, 0xf5, 0x4e, 0x93, 0x8a, 0x52,
  0x5b, 0xf7, 0xbd, 0xb8, 0xe4, 0x8b, 0x2d, 0xe1, 0x5f, 0x57, 0x53, 0xdb, 0xe6, 0xd5, 0x1b, 0x9f,
  0xf3, 0x4f, 0x33, 0x32, 0xd8, 0xdb, 0x73, 0xfc, 0x50, 0xcc, 0x4b, 0x5a, 0x36, 0xed, 0x4c, 0xec,
  0xd2, 0xfe, 0x53, 0x47, 0x62, 0x6e, 0xea, 0x1b, 0x45, 0xd1, 0xc6, 0x2b, 0xae, 0x4b, 0x3c, 0x93,
  0x3f, 0x8a, 0xa2, 0xe1, 0xb3, 0xdd, 0xbd, 0x1d, 0x4f, 0x26, 0x0e, 0xcb, 0xd3, 0xca, 0x86, 0x55,
  0xeb, 0x2e, 0xdf, 0x57, 0xaa, 0xa5, 0x5d, 0x2a, 0x9d, 0x9e, 0x3a, 0xf9, 0xb3, 0x1f, 0x67, 0x32,
  0xe9, 0x3c, 0xc7, 0x37, 0xb6, 0x6c, 0xb8, 0x78, 0x1a, 0x45, 0x7a, 0x72, 0xe2, 0xc4, 0xa1, 0x1f,
  0xc7, 0x0c, 0xae, 0x6f, 0x5e, 0xd3, 0xb6, 0x6d, 0x6f, 0xfc, 0x02, 0x13, 0xff, 0xa2, 0x5a, 0x37,
  0xef, 0x6e, 0x68, 0x49, 0xba, 0x0c, 0x21, 0x93, 0x39, 0xf5, 0xd4, 0x43, 0x93, 0xe3, 0xa3, 0x09,
  0xc3, 0xf2, 0xb0, 0x76, 0xfb, 0xd5, 0xb5, 0x4d, 0x2d, 0x45, 0xbf, 0x7c, 0xe0, 0xf4, 0xb1, 0xa1,
  0x9e, 0x93, 0x31, 0x03, 0xaa, 0x57, 0x36, 0x6c, 0xd8, 0x7d, 0x6d, 0xa1, 0x8b, 0x1d, 0xea, 0x3e,
  0x31, 0x70, 0x26, 0xee, 0xa6, 0x74, 0x95, 0x55, 0x35, 0x9b, 0xf7, 0xde, 0x98, 0xfd, 0xba, 0x88,
  0x37, 0x42, 0xe2, 0xf2, 0xd7, 0x5e, 0x76, 0x75, 0x6d, 0x63, 0x31, 0x7f, 0x2d, 0x43, 0x3d, 0x27,
  0x4b, 0x7b, 0x43, 0xf2, 0xe6, 0x35, 0x5b, 0xf2, 0x9c, 0x98, 0xf0, 0xe4, 0xe1, 0x9f, 0x4c, 0x4d,
  0x8c, 0xe5, 0x7a, 0xb6, 0xb8, 0x1f, 0x61, 0xb9, 0x8c, 0x9e, 0x1b, 0x28, 0x6e, 0x2e, 0xee, 0xba,
  0xa6, 0xb6, 0x35, 0xdb, 0x93, 0xef, 0xe1, 0xfc, 0xa3, 0xbf, 0xfb, 0x6f, 0x07, 0xbf, 0xf7, 0xf7,
  0x31, 0x03, 0x6e, 0xf9, 0xd5, 0xdf, 0xab, 0x6f, 0x59, 0x97, 0xe7, 0x4a, 0x9b, 0xd7, 0x6d, 0x5b,
  0x55, 0xf8, 0xef, 0xaf, 0xf3, 0xf1, 0xf4, 0x8f, 0xbe, 0xfa, 0xfd, 0xcf, 0x7c, 0x20, 0x66, 0xc0,
  0xbe, 0x5f, 0xf8, 0xb5, 0xfc, 0xbf, 0xff, 0x6b, 0x9b, 0x5a, 0xd7, 0x6e, 0xbf, 0x2a, 0x9f, 0x91,
  0x67, 0x9e, 0x79, 0x74, 0xec, 0xc2, 0xb9, 0x5c, 0xcf, 0x56, 0x54, 0xac, 0xd8, 0x72, 0xf5, 0xcd,
  0x79, 0xae, 0x34, 0xd1, 0xc4, 0xd8, 0x48, 0xe7, 0x53, 0x0f, 0x17, 0xf1, 0xc2, 0xea, 0xda, 0x86,
  0x0d, 0xbb, 0x0a, 0x7e, 0xef, 0x67, 0x65, 0x32, 0xe9, 0x93, 0x87, 0x1e, 0x4c, 0x4f, 0x4d, 0xe6,
  0x39, 0x3e, 0x71, 0xdf, 0x7b, 0xbe, 0xff, 0x4c, 0xdf, 0xc9, 0xa7, 0x8b, 0xd8, 0x92, 0xc6, 0xb6,
  0x4d, 0x2d, 0x1b, 0x77, 0x14, 0xf1, 0xc2, 0xa9, 0xc9, 0xf1, 0x93, 0x87, 0x1e, 0x2c, 0xe2, 0x85,
  0x05, 0xad, 0x7d, 0x6c, 0x78, 0xe8, 0xcc, 0xd1, 0xc7, 0x8a, 0x58, 0x72, 0x6d, 0xc3, 0xea, 0x7c,
  0x7e, 0x25, 0x74, 0xf6, 0x74, 0xfb, 0x60, 0x4f, 0xdc, 0x5d, 0xee, 0x36, 0xec, 0x7c, 0x41, 0xf5,
  0xa2, 0xb9, 0x27, 0x39, 0x25, 0x27, 0x80, 0x01, 0x00, 0xca, 0x21, 0x31, 0x80, 0x5f, 0xff, 0x1f,
  0x3f, 0xbf, 0xe0, 0xb7, 0xac, 0x8f, 0xf2, 0x08, 0xe0, 0x97, 0xbe, 0xf5, 0x3f, 0xef, 0xbc, 0xe1,
  0x8e, 0xb2, 0x6d, 0x0f, 0x40, 0x09, 0x39, 0x05, 0x1a, 0x00, 0x00, 0x80, 0x20, 0x08, 0x60, 0x00,
  0x00, 0x00, 0x82, 0x20, 0x80, 0x01, 0x00, 0x00, 0x08, 0x82, 0x00, 0x06, 0x00, 0x00, 0x20, 0x08,
  0x02, 0x18, 0x00, 0x00, 0x80, 0x20, 0x08, 0x60, 0x00, 0x00, 0x00, 0x82, 0x20, 0x80, 0x01, 0x00,
  0x00, 0x08, 0x82, 0xfb, 0x00, 0x03, 0x00, 0x94, 0xc3, 0x50, 0xcf, 0xc9, 0x91, 0xb3, 0x3d, 0x31,
  0x03, 0xda, 0xb6, 0xed, 0x5d, 0x51, 0xbd, 0xb2, 0x6c, 0xdb, 0x93, 0xcb, 0x85, 0xa1, 0xfe, 0xc1,
  0xae, 0xe3, 0x31, 0x03, 0x9a, 0xd7, 0x6f, 0xab, 0x6d, 0x6c, 0x29, 0xdb, 0xf6, 0x00, 0x94, 0x90,
  0x00, 0x06, 0x00, 0x00, 0x20, 0x08, 0x4e, 0x81, 0x06, 0x00, 0x00, 0x20, 0x08, 0x02, 0x18, 0x00,
  0x00, 0x80, 0x20, 0x08, 0x60, 0x00, 0x00, 0x00, 0x82, 0x20, 0x80, 0x01, 0x00, 0x00, 0x08, 0x82,
  0x00, 0x06, 0x00, 0x00, 0x20, 0x08, 0x02, 0x18, 0x00, 0x00, 0x80, 0x20, 0x08, 0x60, 0x00, 0x00,
  0x00, 0x82, 0x20, 0x80, 0x01, 0x00, 0x00, 0x08, 0x82, 0x00, 0x06, 0x00, 0x00, 0x20, 0x08, 0x02,
  0x18, 0x00, 0x00, 0x80, 0x20, 0x08, 0x60, 0x00, 0x00, 0x00, 0x82, 0x20, 0x80, 0x01, 0x00, 0x00,
  0x08, 0x82, 0x00, 0x06, 0x00, 0x00, 0x20, 0x08, 0x02, 0x18, 0x00, 0x00, 0x80, 0x20, 0x08, 0x60,
  0x00, 0x00, 0x00, 0x82, 0x20, 0x80, 0x01, 0x00, 0x00, 0x08, 0x82, 0x00, 0x06, 0x00, 0x00, 0x20,
  0x08, 0x02, 0x18, 0x00, 0x00, 0x80, 0x20, 0x08, 0x60, 0x00, 0x00, 0x00, 0x82, 0x20, 0x80, 0x01,
  0x00, 0x00, 0x08, 0x82, 0x00, 0x06, 0x00, 0x00, 0x20, 0x08, 0x02, 0x18, 0x00, 0x00, 0x80, 0x20,
  0x08, 0x60, 0x00, 0x00, 0x00, 0x82, 0x20, 0x80, 0x01, 0x00, 0x00, 0x08, 0x82, 0x00, 0x06, 0x00,
  0x00, 0x20, 0x08, 0x02, 0x18, 0x00, 0x00, 0x80, 0x20, 0x08, 0x60, 0x00, 0x00, 0x00, 0x82, 0x20,
  0x80, 0x01, 0x00, 0x00, 0x08, 0x82, 0x00, 0x06, 0x00, 0x00, 0x20, 0x08, 0x02, 0x18, 0x00, 0x00,
  0x80, 0x20, 0x08, 0x60, 0x00, 0x00, 0x00, 0x82, 0x20, 0x80, 0x01, 0x00, 0x00, 0x08, 0x82, 0x00,
  0x06, 0x00, 0x00, 0x20, 0x08, 0x02, 0x18, 0x00, 0x00, 0x80, 0x20, 0x08, 0x60, 0x00, 0x00, 0x00,
  0x82, 0x20, 0x80, 0x01, 0x00, 0x00, 0x08, 0x82, 0x00, 0x06, 0x00, 0x00, 0x20, 0x08, 0x02, 0x18,
  0x00, 0x00, 0x80, 0x20, 0x08, 0x60, 0x00, 0x00, 0x00, 0x82, 0x20, 0x80, 0x01, 0x00, 0x00, 0x08,
  0x82, 0x00, 0x06, 0x00, 0x00, 0x20, 0x08, 0x02, 0x18, 0x00, 0x00, 0x80, 0x20, 0x08, 0x60, 0x00,
  0x00, 0x00, 0x82, 0x20, 0x80, 0x01, 0x00, 0x00, 0x08, 0x82, 0x00, 0x06, 0x00, 0x00, 0x20, 0x08,
  0x02, 0x18, 0x00, 0x00, 0x80, 0x20, 0x08, 0x60, 0x00, 0x00, 0x00, 0x82, 0x20, 0x80, 0x01, 0x00,
  0x00, 0x08, 0x82, 0x00, 0x06, 0x00, 0x00, 0x20, 0x08, 0x02, 0x18, 0x00, 0x00, 0x80, 0x20, 0x08,
  0x60, 0x00, 0x00, 0x00, 0x82, 0x20, 0x80, 0x01, 0x00, 0x00, 0x08, 0x82, 0x00, 0x06, 0x00, 0x00,
  0x20, 0x08, 0x02, 0x18, 0x00, 0x00, 0x80, 0x20, 0x08, 0x60, 0x00, 0x00, 0x00, 0x82, 0x20, 0x80,
  0x01, 0x00, 0x00, 0x08, 0x82, 0x00, 0x06, 0x00, 0x00, 0x20, 0x08, 0x02, 0x18, 0x00, 0x00, 0x80,
  0x20, 0x08, 0x60, 0x00, 0x00, 0x00, 0x82, 0x20, 0x80, 0x01, 0x00, 0x00, 0x08, 0x82, 0x00, 0x06,
  0x00, 0x00, 0x20, 0x08, 0x02, 0x18, 0x00, 0x00, 0x80, 0x20, 0x08, 0x60, 0x00, 0x00, 0x00, 0x82,
  0x20, 0x80, 0x01, 0x00, 0x00, 0x08, 0x82, 0x00, 0x06, 0x00, 0x00, 0x20, 0x08, 0x02, 0x18, 0x00,
  0x00, 0x80, 0x20, 0x08, 0x60, 0x00, 0x00, 0x00, 0x82, 0x20, 0x80, 0x01, 0x00, 0x00, 0x08, 0x82,
  0x00, 0x06, 0x00, 0x00, 0x20, 0x08, 0x02, 0x18, 0x00, 0x00, 0x80, 0x20, 0x08, 0x60, 0x00, 0x00,
  0x00, 0x82, 0x20, 0x80, 0x01, 0x00, 0x00, 0x08, 0x82, 0x00, 0x06, 0x00, 0x00, 0x20, 0x08, 0x02,
  0x18, 0x00, 0x00, 0x80, 0x20, 0x08, 0x60, 0x00, 0x00, 0x00, 0x82, 0x20, 0x80, 0x01, 0x00, 0x00,
  0x08, 0x82, 0x00, 0x06, 0x00, 0x00, 0x20, 0x08, 0x02, 0x18, 0x00, 0x00, 0x80, 0x20, 0x08, 0x60,
  0x00, 0x00, 0x00, 0x82, 0x20, 0x80, 0x01, 0x00, 0x00, 0x08, 0x82, 0x00, 0x06, 0x00, 0x00, 0x20,
  0x08, 0x02, 0x18, 0x00, 0x00, 0x80, 0x20, 0x08, 0x60, 0x00, 0x00, 0x00, 0x82, 0x20, 0x80, 0x01,
  0x00, 0x00, 0x08, 0x82, 0x00, 0x06, 0x00, 0x00, 0x20, 0x08, 0x02, 0x18, 0x00, 0x00, 0x80, 0x20,
  0x08, 0x60, 0x00, 0x00, 0x00, 0x82, 0x20, 0x80, 0x01, 0x00, 0x00, 0x08, 0x82, 0x00, 0x06, 0x00,
  0x00, 0x20, 0x08, 0x02, 0x18, 0x00, 0x00, 0x80, 0x20, 0x08, 0x60, 0x00, 0x00, 0x00, 0x82, 0x20,
  0x80, 0x01, 0x00, 0x00, 0x08, 0x82, 0x00, 0x06, 0x00, 0x00, 0x20, 0x08, 0x02, 0x18, 0x00, 0x00,
  0x80, 0x20, 0x08, 0x60, 0x00, 0x00, 0x00, 0x82, 0x20, 0x80, 0x01, 0x00, 0x00, 0x08, 0x82, 0x00,
  0x06, 0x00, 0x00, 0x20, 0x08, 0x02, 0x18, 0x00, 0x00, 0x80, 0x20, 0x08, 0x60, 0x00, 0x00, 0x00,
  0x82, 0x20, 0x80, 0x01, 0x00, 0x00, 0x08, 0x82, 0x00, 0x06, 0x00, 0x00, 0x20, 0x08, 0x02, 0x18,
  0x00, 0x00, 0x80, 0x20, 0x08, 0x60, 0x00, 0x00, 0x00, 0x82, 0x20, 0x80, 0x01, 0x00, 0x00, 0x08,
  0x82, 0x00, 0x06, 0x00, 0x00, 0x20, 0x08, 0x02, 0x18, 0x00, 0x00, 0x80, 0x20, 0x08, 0x60, 0x00,
  0x00, 0x00, 0x82, 0x20, 0x80, 0x01, 0x00, 0x00, 0x08, 0x82, 0x00, 0x06, 0x00, 0x00, 0x20, 0x08,
  0x02, 0x18, 0x00, 0x00, 0x80, 0x20, 0x08, 0x60, 0x00, 0x00, 0x00, 0x82, 0x20, 0x80, 0x01, 0x00,
  0x00, 0x08, 0x82, 0x00, 0x06, 0x00, 0x00, 0x20, 0x08, 0x02, 0x18, 0x00, 0x00, 0x80, 0x20, 0x08,
  0x60, 0x00, 0x00, 0x00, 0x82, 0x20, 0x80, 0x01, 0x00, 0x00, 0x08, 0x82, 0x00, 0x06, 0x00, 0x00,
  0x20, 0x08, 0x02, 0x18, 0x00, 0x00, 0x80, 0x20, 0x08, 0x60, 0x00, 0x00, 0x00, 0x82, 0x20, 0x80,
  0x01, 0x00, 0x00, 0x08, 0x82, 0x00, 0x06, 0x00, 0x00, 0x20, 0x08, 0x02, 0x18, 0x00, 0x00, 0x80,
  0x20, 0x08, 0x60, 0x00, 0x00, 0x00, 0x82, 0x20, 0x80, 0x01, 0x00, 0x00, 0x08, 0x82, 0x00, 0x06,
  0x00, 0x00, 0x20, 0x08, 0x02, 0x18, 0x00, 0x00, 0x80, 0x20, 0x08, 0x60, 0x00, 0x00, 0x00, 0x82,
  0x20, 0x80, 0x01, 0x00, 0x00, 0x08, 0x82, 0x00, 0x06, 0x00, 0x00, 0x20, 0x08, 0x02, 0x18, 0x00,
  0x00, 0x80, 0x20, 0x08, 0x60, 0x00, 0x00, 0x00, 0x82, 0x20, 0x80, 0x01, 0x00, 0x00, 0x08, 0x82,
  0x00, 0x06, 0x00, 0x00, 0x20, 0x08, 0x02, 0x18, 0x00, 0x00, 0x80, 0x20, 0x08, 0x60, 0x00, 0x00,
  0x00, 0x82, 0x20, 0x80, 0x01, 0x00, 0x00, 0x08, 0x82, 0x00, 0x06, 0x00, 0x00, 0x20, 0x08, 0x02,
  0x18, 0x00, 0x00, 0x80, 0x20, 0x08, 0x60, 0x00, 0x00, 0x00, 0x82, 0x20, 0x80, 0x01, 0x00, 0x00,
  0x08, 0x82, 0x00, 0x06, 0x00, 0x00, 0x20, 0x08, 0x02, 0x18, 0x00, 0x00, 0x80, 0x20, 0x08, 0x60,
  0x00, 0x00, 0x00, 0x82, 0x20, 0x80, 0x01, 0x00, 0x00, 0x08, 0x82, 0x00, 0x06, 0x00, 0x00, 0x20,
  0x08, 0x02, 0x18, 0x00, 0x00, 0x80, 0x20, 0x08, 0x60, 0x00, 0x00, 0x00, 0x82, 0x20, 0x80, 0x01,
  0x00, 0x00, 0x08, 0x82, 0x00, 0x06, 0x00, 0x00, 0x20, 0x08, 0x02, 0x18, 0x00, 0x00, 0x80, 0x20,
  0x08, 0x60, 0x00, 0x00, 0x00, 0x82, 0x20, 0x80, 0x01, 0x00, 0x00, 0x08, 0x82, 0x00, 0x06, 0x00,
  0x00, 0x20, 0x08, 0x02, 0x18, 0x00, 0x00, 0x80, 0x20, 0x08, 0x60, 0x00, 0x00, 0x00, 0x82, 0x20,
  0x80, 0x01, 0x00, 0x00, 0x08, 0x82, 0x00, 0x06, 0x00, 0x00, 0x20, 0x08, 0x02, 0x18, 0x00, 0x00,
  0x80, 0x20, 0x08, 0x60, 0x00, 0x00, 0x00, 0x82, 0x20, 0x80, 0x01, 0x00, 0x00, 0x08, 0x82, 0x00,
  0x06, 0x00, 0x00, 0x20, 0x08, 0x02, 0x18, 0x00, 0x00, 0x80, 0x20, 0x08, 0x60, 0x00, 0x00, 0x00,
  0x82, 0x20, 0x80, 0x01, 0x00, 0x00, 0x08, 0x82, 0x00, 0x06, 0x00, 0x00, 0x20, 0x08, 0x02, 0x18,
  0x00, 0x00, 0x80, 0x20, 0x08, 0x60, 0x00, 0x00, 0x00, 0x82, 0x20, 0x80, 0x01, 0x00, 0x00, 0x08,
  0x82, 0x00, 0x06, 0x00, 0x00, 0x20, 0x08, 0x02, 0x18, 0x00, 0x00, 0x80, 0x20, 0x08, 0x60, 0x00,
  0x00, 0x00, 0x82, 0x20, 0x80, 0x01, 0x00, 0x00, 0x08, 0x82, 0x00, 0x06, 0x00, 0x00, 0x20, 0x08,
  0x02, 0x18, 0x00, 0x00, 0x80, 0x20, 0x08, 0x60, 0x00, 0x00, 0x00, 0x82, 0x20, 0x80, 0x01, 0x00,
  0x00, 0x08, 0x82, 0x00, 0x06, 0x00, 0x00, 0x20, 0x08, 0x02, 0x18, 0x00, 0x00, 0x80, 0x20, 0x08,
  0x60, 0x00, 0x00, 0x00, 0x82, 0x20, 0x80, 0x01, 0x00, 0x00, 0x08, 0x82, 0x00, 0x06, 0x00, 0x00,
  0x20, 0x08, 0x02, 0x18, 0x00, 0x00, 0x80, 0x20, 0x08, 0x60, 0x00, 0x00, 0x00, 0x82, 0x20, 0x80,
  0x01, 0x00, 0x00, 0x08, 0x82, 0x00, 0x06, 0x00, 0x00, 0x20, 0x08, 0x02, 0x18, 0x00, 0x00, 0x80,
  0x20, 0x08, 0x60, 0x00, 0x00, 0x00, 0x82, 0x20, 0x80, 0x01, 0x00, 0x00, 0x08, 0x82, 0x00, 0x06,
  0x00, 0x00, 0x20, 0x08, 0x02, 0x18, 0x00, 0x00, 0x80, 0x20, 0x08, 0x60, 0x00, 0x00, 0x00, 0x82,
  0x20, 0x80, 0x01, 0x00, 0x00, 0x08, 0x82, 0x00, 0x06, 0x00, 0x00, 0x20, 0x08, 0x02, 0x18, 0x00,
  0x00, 0x80, 0x20, 0x08, 0x60, 0x00, 0x00, 0x00, 0x82, 0x20, 0x80, 0x01, 0x00, 0x00, 0x08, 0x82,
  0x00, 0x06, 0x00, 0x00, 0x20, 0x08, 0x02, 0x18, 0x00, 0x00, 0x80, 0x20, 0x08, 0x60, 0x00, 0x00,
  0x00, 0x82, 0x20, 0x80, 0x01, 0x00, 0x00, 0x08, 0x82, 0x00, 0x06, 0x00, 0x00, 0x20, 0x08, 0x02,
  0x18, 0x00, 0x00, 0x80, 0x20, 0x08, 0x60, 0x00, 0x00, 0x00, 0x82, 0x20, 0x80, 0x01, 0x00, 0x00,
  0x08, 0x82, 0x00, 0x06, 0x00, 0x00, 0x20, 0x08, 0x02, 0x18, 0x00, 0x00, 0x80, 0x20, 0x08, 0x60,
  0x00, 0x00, 0x00, 0x82, 0x20, 0x80, 0x01, 0x00, 0x00, 0x08, 0x82, 0x00, 0x06, 0x00, 0x00, 0x20,
  0x08, 0x02, 0x18, 0x00, 0x00, 0x80, 0x20, 0x08, 0x60, 0x00, 0x00, 0x00, 0x82, 0x20, 0x80, 0x01,
  0x00, 0x00, 0x08, 0x82, 0x00, 0x06, 0x00, 0x00, 0x20, 0x08, 0x02, 0x18, 0x00, 0x00, 0x80, 0x20,
  0x08, 0x60, 0x00, 0x00, 0x00, 0x82, 0x20, 0x80, 0x01, 0x00, 0x00, 0x08, 0x82, 0x00, 0x06, 0x00,
  0x00, 0x20, 0x08, 0x02, 0x18, 0x00, 0x00, 0x80, 0x20, 0x08, 0x60, 0x00, 0x00, 0x00, 0x82, 0x20,
  0x80, 0x01, 0x00, 0x00, 0x08, 0x82, 0x00, 0x06, 0x00, 0x00, 0x20, 0x08, 0x02, 0x18, 0x00, 0x00,
  0x80, 0x20, 0x08, 0x60, 0x00, 0x00, 0x00, 0x82, 0x20, 0x80, 0x01, 0x00, 0x00, 0x08, 0x82, 0x00,
  0x06, 0x00, 0x00, 0x20, 0x08, 0x02, 0x18, 0x00, 0x00, 0x80, 0x20, 0x08, 0x60, 0x00, 0x00, 0x00,
  0x82, 0x20, 0x80, 0x01, 0x00, 0x00, 0x08, 0x82, 0x00, 0x06, 0x00, 0x00, 0x20, 0x08, 0x02, 0x18,
  0x00, 0x00, 0x80, 0x20, 0x08, 0x60, 0x00, 0x00, 0x00, 0x82, 0x20, 0x80, 0x01, 0x00, 0x00, 0x08,
  0x82, 0x00, 0x06, 0x00, 0x00, 0x20, 0x08, 0x02, 0x18, 0x00, 0x00, 0x80, 0x20, 0x08, 0x60, 0x00,
  0x00, 0x00, 0x82, 0x20, 0x80, 0x01, 0x00, 0x00, 0x08, 0x82, 0x00, 0x06, 0x00, 0x00, 0x20, 0x08,
  0x02, 0x18, 0x00, 0x00, 0x80, 0x20, 0x08, 0x60, 0x00, 0x00, 0x00, 0x82, 0x20, 0x80, 0x01, 0x00,
  0x00, 0x08, 0x82, 0x00, 0x06, 0x00, 0x00, 0x20, 0x08, 0x02, 0x18, 0x00, 0x00, 0x80, 0x20, 0x08,
  0x60, 0x00, 0x00, 0x00, 0x82, 0x20, 0x80, 0x01, 0x00, 0x00, 0x08, 0x82, 0x00, 0x06, 0x00, 0x00,
  0x20, 0x08, 0x02, 0x18, 0x00, 0x00, 0x80, 0x20, 0x08, 0x60, 0x00, 0x00, 0x00, 0x82, 0x20, 0x80,
  0x01, 0x00, 0x00, 0x08, 0x82, 0x00, 0x06, 0x00, 0x00, 0x20, 0x08, 0x02, 0x18, 0x00, 0x00, 0x80,
  0x20, 0x08, 0x60, 0x00, 0x00, 0x00, 0x82, 0x20, 0x80, 0x01, 0x00, 0x00, 0x08, 0x82, 0x00, 0x06,
  0x00, 0x00, 0x20, 0x08, 0x02, 0x18, 0x00, 0x00, 0x80, 0x20, 0x08, 0x60, 0x00, 0x00, 0x00, 0x82,
  0x20, 0x80, 0x01, 0x00, 0x00, 0x08, 0x82, 0x00, 0x06, 0x00, 0x00, 0x20, 0x08, 0x02, 0x18, 0x00,
  0x00, 0x80, 0x20, 0x08, 0x60, 0x00, 0x00, 0x00, 0x82, 0x20, 0x80, 0x01, 0x00, 0x00, 0x08, 0x82,
  0x00, 0x06, 0x00, 0x00, 0x20, 0x08, 0x02, 0x18, 0x00, 0x00, 0x80, 0x20, 0x08, 0x60, 0x00, 0x00,
  0x00, 0x82, 0x20, 0x80, 0x01, 0x00, 0x00, 0x08, 0x82, 0x00, 0x06, 0x00, 0x00, 0x20, 0x08, 0x02,
  0x18, 0x00, 0x00, 0x80, 0x20, 0x08, 0x60, 0x00, 0x00, 0x00, 0x82, 0x20, 0x80, 0x01, 0x00, 0x00,
  0x08, 0x82, 0x00, 0x06, 0x00, 0x00, 0x20, 0x08, 0x02, 0x18, 0x00, 0x00, 0x80, 0x20, 0x08, 0x60,
  0x00, 0x00, 0x00, 0x82, 0x20, 0x80, 0x01, 0x00, 0x00, 0x08, 0x82, 0x00, 0x06, 0x00, 0x00, 0x20,
  0x08, 0x02, 0x18, 0x00, 0x00, 0x80, 0x20, 0x08, 0x60, 0x00, 0x00, 0x00, 0x82, 0x20, 0x80, 0x01,
  0x00, 0x00, 0x08, 0x82, 0x00, 0x06, 0x00, 0x00, 0x20, 0x08, 0x02, 0x18, 0x4e, 0xef, 0x7a, 0x16,
  0x00, 0x00, 0x00, 0xc6, 0x49, 0x44, 0x41, 0x54, 0x00, 0x00, 0x80, 0x20, 0x08, 0x60, 0x00, 0x00,
  0x00, 0x82, 0x20, 0x80, 0x01, 0x00, 0x00, 0x08, 0x82, 0x00, 0x06, 0x00, 0x00, 0x20, 0x08, 0x02,
  0x18, 0x00, 0x00, 0x80, 0x20, 0x08, 0x60, 0x00, 0x00, 0x00, 0x82, 0x20, 0x80, 0x01, 0x00, 0x00,
  0x08, 0x82, 0x00, 0x06, 0x00, 0x00, 0x20, 0x08, 0x02, 0x18, 0x00, 0x00, 0x80, 0x20, 0x08, 0x60,
  0x00, 0x00, 0x00, 0x82, 0x20, 0x80, 0x01, 0x00, 0x00, 0x08, 0x82, 0x00, 0x06, 0x00, 0x00, 0x20,
  0x08, 0x02, 0x18, 0x00, 0x00, 0x80, 0x20, 0x08, 0x60, 0x00, 0x00, 0x00, 0x82, 0x20, 0x80, 0x01,
  0x00, 0x00, 0x08, 0x82, 0x00, 0x06, 0x00, 0x00, 0x20, 0x08, 0x02, 0x18, 0x00, 0x00, 0x80, 0x20,
  0x08, 0x60, 0x00, 0x00, 0x00, 0x82, 0x20, 0x80, 0x01, 0x00, 0x00, 0x08, 0x82, 0x00, 0x06, 0x00,
  0x00, 0x20, 0x08, 0x02, 0x18, 0x00, 0x00, 0x80, 0x20, 0x08, 0x60, 0x00, 0x00, 0x00, 0x82, 0x20,
  0x80, 0x01, 0x00, 0x00, 0x08, 0x82, 0x00, 0x06, 0x00, 0x00, 0x20, 0x08, 0x02, 0x18, 0x00, 0x00,
  0x80, 0x20, 0x08, 0x60, 0x00, 0x00, 0x00, 0x82, 0x20, 0x80, 0x01, 0x00, 0x00, 0x08, 0x82, 0x00,
  0x06, 0x00, 0x00, 0x20, 0x08, 0x02, 0x18, 0x00, 0x00, 0x80, 0x20, 0x08, 0x60, 0x00, 0x00, 0x00,
  0x82, 0x20, 0x80, 0x01, 0x00, 0x00, 0x08, 0xc2, 0xff, 0x07, 0x28, 0xc9, 0x6b, 0xc1, 0xc6, 0xc2,
  0xba, 0xbd, 0x00, 0x00, 0x00, 0x00, 0x49, 0x45, 0x4e, 0x44, 0xae, 0x42, 0x60, 0x82,
};
